Index,Customer Id,First Name,Last Name,Company,City,Country,Coutry code,Phone 1 clean,Phone 2 clean,Email,Subscription Date,Website
1,dE014d010c7ab0c,Andrew,Goodman,Stewart-Flynn,Rowlandberg,Macao,853,85384679046234715,853422787233171127,marieyates@gomez-spencer.info,2021-07-26,http://www.shea.biz/
2,2B54172c8b65eC3,Alvin,Lane,"Terry, Proctor and Lawrence",Bethside,Papua New Guinea,675,675124597865205682,67532144105886218,alexandra86@mccoy.com,2021-06-24,http://www.pena-cole.com/
3,d794Dd48988d2ac,Jenna,Harding,Bailey Group,Moniquemouth,China,86,8633598730853780,16802048312,justincurtis@pierce.org,2020-04-05,http://www.booth-reese.biz/
4,3b3Aa4aCc68f3Be,Fernando,Ford,Moss-Maxwell,Leeborough,Macao,853,8530477523122,85304877950359122,adeleon@hubbard.org,2020-11-29,http://www.hebert.com/
5,D60df62ad2ae41E,Kara,Woods,Mccarthy-Kelley,Port Jacksonland,Nepal,977,9771360693441919272,9771636272565,jesus90@roberson.info,2022-04-22,http://merritt.com/
6,8aaa5d0CE9ee311,Marissa,Gamble,Cherry and Sons,Webertown,Sudan,249,164533455140786,2497519803163,katieallison@leonard.com,2021-11-17,http://www.kaufman.org/
7,73B22Ac8A43DD1A,Julie,Cooley,"Yu, Norman and Sharp",West Sandra,Japan,81,81167524374229177,817033375903,priscilla88@stephens.info,2022-03-26,http://www.sexton-chang.com/
8,DC94CCd993D311b,Lauren,Villa,"French, Travis and Hensley",New Yolanda,Fiji,679,6790812261797647,6791865409690605,colehumphrey@austin-caldwell.com,2020-08-14,https://www.kerr.com/
9,9Ba746Cb790FED9,Emily,Bryant,"Moon, Strickland and Combs",East Normanchester,Seychelles,248,248430401522835091,2481158353840,buckyvonne@church-lutz.com,2020-12-30,http://grimes.com/
10,aAa1EDfaA70DA0c,Marie,Estrada,May Inc,Welchton,United Arab Emirates,971,16487909244,9719737673611,christie44@mckenzie.biz,2020-09-03,https://www.salinas.net/
11,bf104C25d0BA4E1,Nichole,Cannon,Rios and Sons,West Devon,Burundi,257,257647787401,2571394761068,blandry@henson-harris.biz,2021-04-26,http://www.humphrey.org/
12,bf2fA37cbAd7dDc,Bernard,Ritter,Bradford and Sons,West Francisco,Palau,680,6802923131902,6800650750554,tammiepope@arroyo-baldwin.com,2022-01-19,http://sellers.biz/
13,4fa8ffcdBbf53bB,Darryl,Archer,Kerr-Cherry,Holtfurt,Uganda,256,2563894371716,2560923647349593,woodalejandro@skinner-sloan.biz,2022-04-18,https://www.daniels.com/
14,aBd960429ecd363,Ryan,Li,"Hooper, Cross and Holt",Batesville,Liechtenstein,423,111978701254500,14772543645,lmassey@duke.com,2021-03-06,http://nunez.com/
15,2a0c691Ce19C6f3,Vicki,Nunez,"Leonard, Galvan and Blackburn",Barbaraborough,Haiti,509,5092174740312,509098195084079579,zgrant@sweeney.com,2022-01-30,https://reynolds.com/
16,B58fecf82f997Dd,Sean,Townsend,Preston-Sosa,Velasquezberg,Iran,98,15342835153,985786415664,lkline@maxwell.info,2020-05-30,http://www.vargas.biz/
17,41d0201DcF028b5,Sophia,Mathis,Richard-Velasquez,Toddhaven,Switzerland,41,18587627896916,41274147418515182,brockmason@faulkner-may.com,2020-01-23,http://www.vaughn.com/
18,B1A1b09CD5C3b6a,Helen,Potts,"Rangel, Livingston and Patel",Douglasland,Seychelles,248,2481408622659,2488339,carrollmia@donovan-keith.com,2021-07-27,http://www.kennedy-edwards.biz/
19,ba5a73D210dCcE4,Joann,Finley,Harvey PLC,Barrettshire,Montserrat,1664,16649417158720950,16641554334824955,gabriela86@sampson.com,2022-04-11,http://www.harrell.com/
20,F6cD561cecdfA6d,Thomas,Walsh,Best-Thomas,Roblesport,Kiribati,686,6866793260724,13050386009,timcoleman@frank-king.org,2020-09-11,http://www.kane.com/
21,dEb9310eec04a8D,Cristina,Lam,Watts-Allison,West Jocelynfort,Korea,82,824292705811,82086253750570576,charlotte16@hood-zhang.org,2020-01-04,http://whitehead.net/
22,ed3894D6DE7F711,Vicki,Heath,"Cherry, Schultz and Ruiz",Port Cameronbury,Bangladesh,880,88088931155806390,8802604379972,alan46@benjamin.com,2020-11-06,https://www.bird.com/
23,EFeFaC727F12CDF,Glenn,Wang,Warner-Hodge,West Rachael,Gabon,241,24183410464248311,17416289295,anna80@mata.com,2022-01-01,http://brooks-kerr.com/
24,c5CB6C5bFB91fdC,Darius,Benitez,Giles LLC,Mejiashire,Jersey,44,441797864315125142,4413921653796030,garrettdurham@olsen.com,2022-02-28,https://washington.com/
25,C30B3E82E8D89cC,Xavier,Cruz,Wiley Ltd,Mindyborough,Latvia,371,371019418862565148,371343078572591296,andersongrant@pugh.com,2020-02-07,https://www.cohen.info/
26,3d7bE19696ea8Ff,Douglas,Galloway,Duffy Inc,Eileenbury,Mongolia,976,97612055282409137,9768018224814,caleb11@velazquez.com,2021-10-24,http://www.mcneil.net/
27,A093aA90fa014FE,Phyllis,Becker,Oneal and Sons,East Andre,Bouvet Island (Bouvetoya),47,475794,477565212942,darrylshort@bright-tucker.com,2020-07-02,https://www.farrell.com/
28,a470984c5dBfcC4,Ebony,Murphy,Barry-Martinez,Atkinsfurt,Vanuatu,678,6787724923142,6788776359717,vpowers@moyer.com,2020-02-17,http://www.dorsey.com/
29,b1d4abfbCb67feE,Tyler,Stevenson,Burns and Sons,North Joannashire,Sri Lanka,94,1239175851852340,945960777972616,mmayo@gilbert.com,2022-03-02,http://www.fry.org/
30,d667bCC84Ff45Bb,Cesar,Bernard,Potter-Ho,Mccormickville,Iraq,964,9641653663660432,96415796402940529,damon31@grant-morrison.com,2021-09-04,https://bryan-walters.com/
31,Ccb07E00AFf32bA,Darrell,Santos,Boone-Dawson,Lake Dwayne,Liechtenstein,423,16048586371,4231961236315646913,hdaniels@mason.com,2021-11-04,http://hammond.com/
32,bd04F2A7BD4F730,Amanda,Santiago,Roberts-Heath,Benjaminchester,United Arab Emirates,971,9712188033440413,9711810375857,emmarasmussen@roman-walter.biz,2021-05-06,http://gillespie.com/
33,f1157011c5eDbEB,Marcus,Mcdonald,Hays-Howell,East Brad,Azerbaijan,994,9948282301201748,99410441434194927,cesar71@vang-wagner.com,2020-06-25,https://www.williams-mclaughlin.org/
34,7c4c673af703a09,Lauren,Montes,Cohen-Copeland,Tonyville,Armenia,374,19995857539536,37483820340086959,hodgebrenda@roach-winters.com,2021-05-06,https://www.garcia.com/
35,E7D7e40Cf3A03a2,Brent,Hinton,"Petersen, Blackburn and Meyers",Tommyland,Mexico,52,5221007275390111,526770,greg77@patel.biz,2021-12-03,http://aguirre.biz/
36,B98BacEebC40DBb,Jill,Mayo,"Woodard, Haas and Mason",Port Carlside,Cuba,53,53116074736248230,537205806452,brandypowers@christensen.com,2020-10-04,http://briggs-johnston.com/
37,d1c0dFab10a8383,Herbert,Byrd,Sheppard-Dougherty,Kimmouth,South Georgia and the South Sandwich Islands,500,500969981127578285,5008027835805,gilloscar@webb.com,2020-02-09,https://www.rowland-lyons.com/
38,f21D2faCa0760A8,Don,Krueger,"Cortez, Hester and Villegas",Melendezland,Guinea,224,2243773661889912,13792187545445,trevor14@harvey.com,2020-03-02,http://www.combs.com/
39,11F97CBDd2C8de9,Cheryl,Gonzales,Walton-Drake,Pittmanmouth,Kenya,254,2549016149714,2544943550333,yvette30@haas-oneill.org,2020-02-26,http://www.tran-juarez.net/
40,BEBA4fDAA6C4adC,Rickey,Mays,"Escobar, Carrillo and Sloan",Hollandshire,United States of America,1,1042976471426341,12456575660,cmcdowell@riley-wolf.org,2020-01-01,http://www.nolan.com/
41,0F2E0b5850404A8,Cassidy,Dillon,Coleman LLC,New Ebony,Liechtenstein,423,14332373081336,423956581177597257,patrick43@stout.com,2021-12-19,https://www.meyer.com/
42,6fF3de1DDbeAaE9,Christina,Bautista,Lane Ltd,Lake Don,Turks and Caicos Islands,1649,16499646716776,16497243240841953,phenry@tate.biz,2020-11-01,https://warner.com/
43,bcE2C6eaAa1d53c,Alexandra,Castro,"Wall, Clay and Mcintosh",South Lynnton,Swaziland,268,2681469312310801224,26829519439726683,swalters@harvey.biz,2021-04-11,http://www.vasquez-boyer.biz/
44,fb0eaBDA955AE79,Krystal,Mendoza,"Logan, Boyle and Villegas",West Henry,Panama,507,11166617356,115564672347293,mjackson@david.com,2020-09-09,http://www.marks-ray.info/
45,1cE4BEcB6F2D2C3,Ivan,Schroeder,"Peck, Nicholson and Knox",Port Grace,Saint Pierre and Miquelon,508,5085243919866,5086266444777075,qgeorge@singh.com,2020-08-16,https://melton-alexander.biz/
46,37a20bF88deF55D,Stephanie,Bradshaw,Tanner LLC,East Paulaville,American Samoa,1684,168419342961820843,1684364992576931100,debbie56@baker-olsen.com,2022-03-05,http://jimenez.biz/
47,EE9381bAEbac1eA,Levi,Grimes,"Carpenter, Chang and Bass",Frederickfurt,Heard Island and McDonald Islands,672,6727799,122141355028170,robertmarks@willis.com,2021-06-12,https://cherry.com/
48,7008F9538b6e3e4,Peter,Sosa,Hensley and Sons,Donaldton,Sao Tome and Principe,239,239983760941039862,2399750826989,frederick02@gross.com,2021-07-17,http://www.chandler.info/
49,e6D85CcfDE7ABEd,Valerie,Haney,"Delgado, Rubio and Rose",Harryview,Cuba,53,149449894328701,533386364041624,yowens@erickson-charles.com,2020-03-22,https://www.fowler-alvarado.biz/
50,815D27672C2Ba6d,Tom,Gardner,Werner-Bean,New Samuel,Barbados,1246,1246318356685556588,12462542021771157,darin81@callahan.com,2022-01-04,http://yang-everett.com/
51,bc9e98FC8e31fB2,Randall,Galloway,Brady Inc,Brightburgh,Isle of Man,44,447802498976,1573469231688660,stuart07@reid.com,2020-12-18,https://hatfield-huff.biz/
52,06c9e9caEBf539F,Perry,Whitaker,Odom LLC,North Jocelynberg,Western Sahara,212,2124490502967,21210421,jennynorton@randall.org,2021-04-27,http://www.hall.com/
53,D02c86e781bA06f,Gloria,Mosley,Calderon Ltd,East Reneefurt,Fiji,679,679296297817450153,6796291577866510,escobardeanna@sawyer-obrien.info,2022-05-06,https://www.huber.info/
54,846D8B34aba64a6,Cameron,Little,Howell Group,North Angel,Netherlands,31,311172227474355703,319146083410,stephen57@sellers.com,2020-11-13,https://collins.org/
55,305B77b17f60849,Glen,Gonzalez,Zamora-Ellis,Lake Isabelberg,Sudan,249,2494944940595,2497880753941,jschmidt@gardner-maldonado.com,2020-07-21,http://holt-mendez.info/
56,610e5F3baCbd25c,Melvin,Day,"Alvarez, Gaines and Sweeney",Jackbury,Reunion,262,1139178369723267,2628622715668079,sheila46@ewing.org,2021-12-22,http://becker-warner.net/
57,9F0EbC3b678ad6B,Kent,Salinas,"Shelton, Robinson and Smith",Nicolasfurt,Guatemala,502,50275066175272590,502429441860190778,dustindelgado@west-khan.com,2020-02-21,https://www.mora-tapia.info/
58,82dDB5e20CAA2Ce,Stacey,Martinez,"Rasmussen, Bauer and Lyons",Mauriceview,Uzbekistan,998,10704311693963,9985569176571,mikayla38@lawson-dougherty.com,2020-03-22,https://newman-townsend.com/
59,b78002FEFF5a860,Jennifer,Fleming,Schaefer-Chambers,Shepherdfort,Barbados,1246,12465349698263,12463079298469,stoutalexandria@meza.com,2020-11-24,http://marsh.com/
60,dFe34eAb8614AC0,Teresa,Oconnell,"Mayo, Buchanan and Owen",Lake Douglas,Turkmenistan,993,99310456673608307,993101040392772927,hhahn@cantrell.net,2021-12-04,https://www.ellison-strickland.org/
61,aB3351247D3fCD8,Bruce,Bass,"Day, Wiley and Mclaughlin",Juarezbury,China,86,8617009454367579,861006698510318954,gvang@woods.info,2020-08-10,http://www.goodwin.com/
62,56Df40b19e3c71f,Sarah,Sweeney,Madden-Ho,Mejiamouth,Equatorial Guinea,240,24042339352171573,2405928641515,lauren93@daniel-farley.com,2020-07-17,http://www.welch.com/
63,06CF1Fcd5863dF6,Eddie,Salinas,Howard Group,North Frederick,Cook Islands,682,6828092572517,6824927,franklinweiss@porter.net,2020-11-25,https://www.joyce.com/
64,5DcB42c2f8fBfb5,Trevor,Rowland,"Ritter, Fox and English",Deanchester,Nigeria,234,234938501206513955,2346382043216,simpsonraven@liu.com,2022-03-04,http://noble-beard.com/
65,E3F8a6D1033a2FE,Marcus,Chang,"Maynard, Lambert and Blake",North Monica,Western Sahara,212,21247902061442452,212940296551852843,deborah61@wagner.com,2021-05-20,http://shaw.com/
66,DA7b906C5aF71d5,Sabrina,Roberts,Stewart-Diaz,Port Pennyton,Bhutan,975,97525264155817135,16656081332173,brittneypotter@boyd-compton.com,2021-01-10,https://walter.com/
67,ccD94BbaEDBBf9E,Norman,French,Becker-Mata,South Emma,Marshall Islands,692,6923647577628522,6925684199088,spearsfrank@mclean.com,2021-03-27,https://mccullough.info/
68,41C1B4D2C5b91B7,Lonnie,Novak,Hayden Inc,East Malloryville,French Guiana,594,5948103493016,5945311977502296,manuel48@raymond.net,2021-03-22,http://www.knight.com/
69,ee5235bbf2A66ef,Casey,Bauer,Houston-Woodard,New Brettfurt,Reunion,262,1649360429170493,262875766902393863,marilynbender@daugherty.net,2020-04-04,https://crawford.org/
70,2413aA72C4DEadF,David,Goodman,"Macdonald, Byrd and Williams",Juliantown,Nigeria,234,2349769966527679,23415628451571407,ylutz@sawyer.com,2020-07-15,https://rhodes-ellison.org/
71,BA1F1A8E7fccb74,Garrett,Rosario,Becker-Terrell,Marissaland,Philippines,63,6355429951957535,632287707282399,christiegeorge@dominguez.com,2021-05-08,https://www.wright.com/
72,43EB011d4A5af36,Colin,Vaughan,"Mooney, Reed and Ingram",New Shelleyfort,United States Virgin Islands,1340,13401157721697,13409214234267,wilsonyvonne@mcmillan.com,2020-10-08,https://choi.com/
73,DDCCa6daDFBAFbc,Maxwell,Griffin,Mcdowell-Adkins,North Kentland,Turkmenistan,993,993542094106374771,9931161,priscillaharrell@glass.com,2020-10-01,http://ray.com/
74,024a3d8Df5abFE9,Diamond,Barnett,"Walker, Andersen and Reeves",New Patriciamouth,Trinidad and Tobago,1868,18687131788679870,1868771321514865206,gibbsemily@fisher.biz,2022-01-04,https://mcdowell-compton.biz/
75,6367E110ccF7c2B,Kellie,Munoz,Flynn-Chapman,New Samantha,Greenland,299,29959737607777873,2992245418166,lynnbooth@leach-lang.com,2021-07-08,http://www.mclaughlin.com/
76,6BdF3DBf9BcD353,Sandy,Finley,Shah-Hanna,Glasshaven,Kiribati,686,6864923018374,6861061038856438648,hmora@brock.com,2021-01-04,https://www.estrada.biz/
77,3e34e04B7F7b76d,Katelyn,Petersen,Solis-Hardin,South Patricia,Saint Vincent and the Grenadines,1784,17848887755334190,17843745518182,santosebony@foley.com,2021-07-04,http://carr-holder.com/
78,ec3cD83Be620f62,Neil,Murray,Washington-Ramirez,East Stephanie,Afghanistan,93,939150494725373,931597545339414627,englishstefanie@braun.com,2022-03-20,http://ritter.com/
79,4DD0C3a8a2f3D8e,Carlos,Wilcox,"Vega, Yoder and Ayala",East Katelynmouth,Slovenia,386,386439435750211237,3868616324703,toddlove@rogers.info,2021-10-11,https://little.info/
80,0EcdF5f157A10BE,Adrienne,Lamb,"Henderson, Vega and Jensen",South Karl,Gambia,220,2200125881523479,22049695062556485,butlerroberta@mullen-pittman.net,2021-05-03,http://www.mann.com/
81,61AD5B1099Db9d0,Traci,Levy,"Simon, Flores and Carr",New Erica,Kiribati,686,686184723732030302,6867806527678,camposherbert@lang.com,2022-02-19,http://www.burke-glover.com/
82,fD7FbF8BA88Fff8,Tammy,Harmon,Kidd-Stone,Chaneychester,Yemen,967,9671528220222819583,9673949064205,abigail05@mckee.info,2020-09-01,https://www.walsh-archer.com/
83,2bcF27a9daa2EAA,Nicholas,Arias,Yoder-Bowen,Lake Gavinburgh,Holy See (Vatican City State),39,391650979861497335,396564,boonealex@cardenas.info,2020-01-31,http://www.wood.com/
84,12Bb4Ba2cB52B89,Sydney,Solis,"Wu, Strong and Flynn",Welchburgh,Suriname,597,59759122351425192,5975446,ortegashane@li.com,2020-02-22,https://anderson-suarez.org/
85,eb8Abc5DB466797,Jody,Beltran,Buchanan-Barton,Kristihaven,Heard Island and McDonald Islands,672,6721836853808615445,6729641568431,fritzandres@morales.biz,2020-08-14,https://www.martin.biz/
86,8799Bb0d0eF9F7b,Autumn,Choi,Bates LLC,Port Scott,Uganda,256,25637496190916048,14605385514,varmstrong@braun.org,2020-12-07,http://www.fritz-galloway.com/
87,483E29cf4aC5A4D,Chelsey,Boyer,"Goodman, Carrillo and Stein",Selenaville,Morocco,212,12909750712603,212169787813940986,jonathon78@werner.com,2022-04-17,https://www.willis-todd.net/
88,37E3234CC7F8da4,Trevor,Key,"Escobar, Adams and Huber",New Ryan,Palestinian Territory,970,9708132636136,9701892319202,bunderwood@owen.com,2022-01-03,http://webb-barnes.info/
89,2D0F54Cc8D96Ad0,Bridget,Molina,Greene-Mays,East Brookebury,Chad,235,106275704685881,2356540791615308,jcochran@burgess-costa.com,2021-02-13,https://grimes.net/
90,CeDC6A5ED20dA29,Calvin,Rocha,Werner-Key,Wayneborough,Cameroon,237,2370696981319,23751805620263841,riveraisabel@harmon.net,2020-11-28,https://salinas-peck.com/
91,eE5F91Bf27BE6DC,Austin,Matthews,"Sandoval, Parker and Mcdowell",Aimeeville,Macedonia,389,3891598879127972499,389185302485049171,stanleymeagan@gilmore-newton.com,2021-07-30,https://hubbard.com/
92,aFbCcfBCbeff540,Molly,Murphy,Mercado PLC,Ericamouth,British Virgin Islands,1284,1284928843349636630,1284579369865499642,kathyhuff@white-liu.com,2021-12-01,http://cooley.com/
93,5fb7F35e6Db8e5a,Jeremy,Haynes,"Cruz, Roach and Lynch",Breannaton,Central African Republic,236,2367489551267247,236258909061019885,lawsonmicheal@atkins.com,2020-12-12,http://www.gibbs.com/
94,60d62d8Dbb23C3B,Don,Henry,"Giles, Kerr and Stafford",Marcusburgh,China,86,100428041583147,86718053041855398,diamondhinton@mccormick.biz,2020-10-18,https://arnold.com/
95,e9eFc5d60ddc3ec,Dakota,Bowman,Gomez-Tapia,West Barbarafurt,China,86,868399,864793362473,branchmegan@dougherty.com,2022-04-17,https://deleon-avery.com/
96,ad8F5957EdADB7e,Manuel,Maynard,"Ellison, Berger and Osborn",Lake Calvin,Niger,227,22770864824981037,18622679112298,xingram@le.com,2020-02-28,https://richards-jarvis.com/
97,a3FdF7Ae5E60BaD,Howard,Simmons,Winters-Cohen,Mitchellmouth,Romania,40,12598175012,408735358704224,ronnie03@bird-hood.com,2020-08-21,https://cordova.com/
98,eA4F6CB2ADEBF6d,Jeffery,Wall,Santos-Barnett,Jonathonhaven,Cambodia,855,85531895245652143,85549582175270997,wanda50@webster.com,2022-02-18,http://www.dickerson.com/
99,feCfE5fCc4abeEd,Colleen,Estes,"Garrett, Sharp and Kaufman",Lake Alisonside,Greece,30,301982860649642,305126774453,tricia22@barrera.com,2020-04-06,http://www.richmond.com/
100,774623BCD6f9BB8,Bianca,Henry,Harrell-Johns,Garrettstad,Albania,355,355194221929113796,35598067927395052,alan83@olson.com,2020-04-13,http://www.wilcox-burns.biz/
101,Db752CCa4aCfd9E,Michelle,Good,"Randall, Harding and Powers",New Johnnychester,Korea,82,822155674480,822176725187,yeseniacallahan@hinton.com,2020-12-21,http://chavez-clay.com/
102,7a0CFf01cCBcA01,Eileen,Skinner,Yang Ltd,New Kristophershire,Mexico,52,523105748489,529027792159,julian74@ritter-mccoy.info,2021-03-27,https://mays.com/
103,Be9d5701bDCd1aa,Kyle,Richmond,Hart Group,New Arielfurt,Dominican Republic,1809,10535655203,18090964727960,adriennecarson@gallagher-mckinney.org,2020-09-23,http://mcclure.com/
104,Fd67d4aDf749FE5,Omar,Davies,"Rich, Oneill and Daniels",Dicksonburgh,Guinea,224,224131795527415895,2247875,hreid@jordan-pena.com,2021-09-02,http://www.best.biz/
105,8b7C8Ffe256FBFb,Chelsea,Giles,Curtis Inc,Evanfort,Kuwait,965,9659662332095,965548899247,sharon31@stanley.info,2021-11-26,https://griffin-willis.com/
106,983Dad40cbcBf18,Pam,Crane,Patton-English,East Taylorborough,Cameroon,237,2376796590893,23769586982205302,luisreynolds@caldwell.com,2020-10-27,http://rich.info/
107,3eD61CdD0B672Fc,Sandy,Kaufman,Gillespie-Kemp,East Taylorville,Antigua and Barbuda,1268,1268159790813682786,1268652438614714235,carlaburton@tran-wu.info,2020-06-11,http://www.schaefer.org/
108,Bd6deeDc10eD051,Madison,Clark,"Atkinson, Benitez and Tapia",Cristianmouth,Nigeria,234,2349990905244,23410020,ikeith@richards.com,2022-05-19,http://www.mack.info/
109,7A0AeedaE28Ce67,Leah,Coffey,Rasmussen-Frederick,Lake Darrell,Slovenia,386,3865891347453,386169970318161782,felicia85@joseph.com,2020-01-20,http://terrell.net/
110,822aaF7B5f2CDce,Julie,Montgomery,"Brady, Le and Sherman",New Mathew,Northern Mariana Islands,1670,16704711963570531,16700801830876,jose39@huber.com,2021-12-13,http://whitehead.biz/
111,a6d9bE38B614721,Darrell,Small,Nicholson LLC,Lake Warrenmouth,Reunion,262,2629621633676,2628525030393,boyerjoy@gross-meadows.info,2022-03-19,http://www.sherman.com/
112,F03BC8cDe64cFCa,Andrew,Bolton,Sutton-David,East Nathanmouth,United Arab Emirates,971,971196496871319267,97179170588698446,meghanharmon@travis.biz,2020-04-27,http://olson-collier.com/
113,1f239d0e0b92118,Jaime,Hayden,Higgins Ltd,Mullenmouth,Iran,98,989543420875322,131320188864673,mrowe@forbes-holmes.org,2021-12-10,http://randolph-stewart.info/
114,39a6DeEEbbeF8E6,Logan,Carney,Jensen-Crawford,Omarport,Gibraltar,350,3505052283490,35040369112608600,rebecca89@marquez.net,2020-10-31,http://www.giles.com/
115,d3905aAEeB7eF7b,Pedro,Franco,"Acevedo, Blanchard and Deleon",West Sharonville,Oman,968,968042683595329908,9688980710320,hunterjenkins@cervantes.com,2021-07-14,https://bernard.com/
116,FD21f4cce8C062f,Daryl,Meza,Roberts-Curry,West Jennifer,Hungary,36,365032795076,12214909839,conneraaron@bryant.net,2021-01-12,https://www.price-lyons.info/
117,BBA47d60EAb3EAB,Haley,Levine,Bowers-Nichols,Jacobfort,Tuvalu,688,688617212209960992,6881827045159,hamiltongreg@perkins.com,2020-04-19,https://www.salinas-roth.biz/
118,C90EdA7b802D82b,Caitlyn,Vazquez,"Burnett, Carter and Shah",New Bruce,Maldives,960,1381080726028757,9604556549609106,ebush@jimenez.com,2020-08-06,https://www.blair.com/
119,f02B9FbEb8Bebda,Keith,Combs,"Bryant, Blankenship and Orozco",North Pattystad,Vietnam,84,8449143402,846871960917107,tommy24@wong-ray.com,2020-10-21,http://hernandez.com/
120,99b8c488a575a4D,Hayden,Cline,"Garrison, Kelley and Choi",Julianberg,Ireland,353,3534004010972,18372670516494,kristinebaldwin@holloway-sharp.com,2020-06-15,http://www.maynard.biz/
121,C3AFdd623C0FbDA,Jeanette,Sanford,"Sutton, Doyle and Velez",Wadeborough,Dominica,1767,17678584286796,17675223007519,daviesmatthew@turner.com,2021-07-21,http://www.santiago.com/
122,5cA80623F6C75de,Brandon,Richmond,Gould Ltd,Beardfort,Pakistan,92,18041617001727,924932,fmcgee@foster.com,2020-01-05,http://barron-terry.com/
123,C0E2ab2e71A490E,Latasha,Miller,Romero Group,East Glenfort,Aruba,297,2977853943598,10748600123871,wcarter@ali.info,2020-01-05,http://www.atkinson.net/
124,AAEfB9E5c86ab72,Shaun,Luna,"Sparks, Garcia and Maxwell",West Emma,Uganda,256,2560929894066,25616412772380929,mshaw@cantu-le.net,2021-12-18,http://www.pennington.com/
125,A4F4f2DBB7C8aBf,Allen,Mayer,Giles-Mooney,West Terrenceburgh,Comoros,269,2698106,269112547642587916,danielsalinas@deleon.com,2021-05-28,https://garner.com/
126,5Cc3bd1D1d6BFd8,Yvonne,Jordan,"Oneal, Barker and Kaufman",South Caseyside,Timor-Leste,670,6704651,17355092475253,mercedes83@gill.org,2020-10-23,https://www.cohen-king.org/
127,F156f75eFb91b3a,Joanne,Miranda,Perkins LLC,Aguilarchester,Niue,683,683149791353582593,68326502370038576,fernandoshaw@goodwin.org,2020-09-05,http://www.wolf.com/
128,0Cfd5DbB2cBDfc3,Jaclyn,Rice,Madden-Lewis,New Saraberg,Spain,34,3459804939700517,348972101544,tamara04@tate.biz,2021-09-02,https://diaz.com/
129,303B081aaFc8237,Glen,Conway,"Bullock, West and Becker",Corystad,Nigeria,234,2347639303423,234645115509448852,don46@freeman.net,2021-11-24,https://www.nichols.info/
130,0c7B750FeEabe41,Stacey,Travis,Medina-Castro,Dudleyfurt,Ethiopia,251,2518356759702438,25110036,ygarcia@andrade.com,2021-01-16,http://schaefer.com/
131,944aAa8b8F1A180,Courtney,Hughes,Benitez LLC,Knoxfurt,Marshall Islands,692,6921007062395197089,15214126549,gary98@carpenter-nelson.com,2020-11-24,https://www.knight.net/
132,ffc96A6EDB33EFf,Raven,Nelson,"Suarez, Hull and Key",East Kristenfort,Luxembourg,352,352205080357,352680611865,fashley@burns-mckenzie.com,2020-10-23,https://www.rodgers.net/
133,82b94ddcC7B4FC8,Kyle,Odonnell,Andrews-Harmon,Wallacemouth,Gabon,241,24186995268570872,241184344724819327,ywise@winters.net,2020-02-18,http://www.cook.biz/
134,A3568fE8Cb3b386,Sherry,Ponce,Petty Ltd,Holdenfurt,Isle of Man,44,448636203771,44042351376369166,vjacobson@perkins-dunlap.net,2022-01-12,https://dillon.info/
135,cef51DAE28Fe1D6,Kirk,Villa,"Norris, Bailey and Campbell",Ericaside,Myanmar,95,955155,9582988512941602,parkroy@baxter.com,2020-04-27,https://www.barrett.com/
136,D2E7cfCDF4D2fB7,Luke,Lucas,Snow-Avila,Pagebury,Belgium,32,320733536987,32037740963958910,masonshelley@freeman.org,2021-09-26,http://hanna.com/
137,Cbcd22e7bCd74e3,Lynn,Tran,Ware LLC,Latoyaside,Tunisia,216,2163032300292145,21681110115464553,marisa90@huynh.com,2021-01-05,http://whitaker.biz/
138,89c66c41c0D791d,Brian,Beasley,Chaney-Porter,North Daryl,Burkina Faso,226,226701648326675530,2260856719636,stephensmike@bartlett-wade.com,2021-10-15,https://esparza.com/
139,E31833D3D9DbCDD,Christopher,Savage,Armstrong-Contreras,Port Isabellachester,Iran,98,98131244572451043,14617628727782,debbieramos@davies-washington.biz,2021-08-03,http://www.vega.com/
140,4032A3C28aaC8c5,Dominique,Mckinney,"Sharp, Fleming and Gregory",Port Erin,Kazakhstan,7,7641697272862920,1151172164417265,felicia57@fletcher.com,2020-02-28,http://bradford.com/
141,90Ed6bc0d1e173C,Dwayne,Crane,Mcdaniel and Sons,North Jessicaview,Montenegro,382,3821436,3823741690130,logan04@hines.biz,2022-02-12,http://www.harmon.biz/
142,1FbEcaef8fACcCA,Autumn,Cuevas,Hahn Ltd,Mccoyfort,Burundi,257,2571472150703346672,2571626898189707198,jeffreyharding@johnson.com,2020-02-05,http://mcdowell-henry.com/
143,8Cd9bf1B1AD1Edf,Gregory,Collins,Fleming Inc,Port Grantton,Micronesia,691,1972367276418756,69117750648720706,tina43@hayes-johnson.com,2020-10-02,http://summers-chang.com/
144,fDFD6419383D4c8,Isaac,Schmidt,Clements-Ayala,West Jasminfort,Ukraine,380,3801784697219,3800227141381,paulakane@singh.com,2021-12-07,https://ochoa-chapman.org/
145,540b59Cc2a2aFd4,Bradley,Rangel,Castillo and Sons,Lake Bianca,Montserrat,1664,1664183545638817677,166470910435603025,underwoodangel@gallagher.info,2020-12-05,https://www.summers.org/
146,2AFBB914C4fACa9,Paige,Page,"Mullins, James and Herman",Kaufmanfurt,French Guiana,594,5947245363717,594174554974208738,aodonnell@prince.com,2022-04-02,https://suarez-sims.org/
147,85Cdd16ADD6dCa5,Gwendolyn,Bradshaw,"Gay, Bush and Goodman",East Jonathan,Mali,223,2233580106852,223984148878956784,eugene43@mccall.com,2021-05-01,http://ramirez.com/
148,EF5858dEe5f7649,Belinda,Ferguson,"Lewis, Bowman and Craig",Moralesport,Lao People's Democratic Republic,856,8563079980543,70527419,billspears@harmon.org,2020-01-02,https://huff.com/
149,C1574306202Eb8e,Ivan,Hines,Aguilar Ltd,Lake Samantha,Qatar,974,9741576099001149994,97491867889472402,tflowers@salinas.org,2021-11-25,https://frazier.com/
150,4f108ceFb9b386d,Brett,Lin,"Mccoy, Larsen and Stevens",Nortonmouth,Saint Helena,290,290281503541665312,17784962818,stokespamela@koch.com,2021-02-02,http://serrano.com/
151,12B5834e77F67a6,Katherine,Williams,Kelly PLC,Juarezville,Armenia,374,3742199255503,3741754452048499456,jorozco@hinton-klein.org,2020-12-07,https://www.key-zamora.com/
152,9b50c8d8AA8Aeb1,Andre,Burgess,Zhang-Stevenson,Mooremouth,Moldova,373,37356890399181217,3737252325862,mayerlynn@haas-santos.org,2020-05-12,https://huynh.com/
153,BB6B8ebDD22eBEE,Laura,Decker,"Levy, Moyer and Fernandez",West Pamela,South Georgia and the South Sandwich Islands,500,5000759729288584,5006910298963661,vstuart@fowler-novak.com,2020-08-03,http://www.peterson-hughes.net/
154,1D7A12b13AAd4FB,Tommy,Herman,Espinoza-Tyler,North Robert,United States Minor Outlying Islands,1,11286978060736120,117923596023193,spencejennifer@bowman-pena.com,2020-12-27,http://harvey.com/
155,234891e3dAC0dF9,Amber,Lyons,Ward-Mcintosh,South Kaitlyn,Zambia,260,2601766519234913712,26012571664605483,betty81@shields.org,2020-07-24,https://ali.net/
156,747B4F80e0048C2,Shelia,Yang,"Coffey, Watson and Wilkins",Lake Edwintown,American Samoa,1684,16848696481559,168496317176113130,cynthia09@vang.com,2021-12-10,http://arellano.com/
157,de81E89d4a938f0,Russell,Martin,Duffy-Zuniga,East Megan,Angola,244,117034860341281,244156879411502431,cody74@cochran-keith.com,2020-05-24,http://hurst.net/
158,E99c32a01Fd3Fd1,Yvette,Willis,"Hamilton, Solis and Salazar",South Tamarafort,Kuwait,965,9652167878307,965462524656180213,neil44@barron.com,2020-11-13,https://navarro.com/
159,57234838A0aD5F4,Don,Ho,Stark-Glover,Riosport,Uganda,256,2564269863364,25658844966840997,rwallace@shepherd-mcdowell.com,2022-02-12,https://www.ellison.com/
160,C45b1BE6266c8DA,Ellen,Torres,Cook PLC,New Chelsey,Kuwait,965,1588362916837122,10674191179906,carla57@roberts.com,2021-08-31,http://padilla.net/
161,2d1cdFa63e6F54c,Hayley,Morse,"Henry, Mcdonald and Austin",Lorrainefort,Iraq,964,96473018859715577,9643182844049757,fchung@montes.com,2020-04-18,http://walton.com/
162,333f3F9A9222E1a,Ellen,Kerr,Duncan LLC,Port Jocelyn,Micronesia,691,6918149,6914689515577,vnoble@mooney.org,2020-01-27,https://www.vega.com/
163,846dBfEBB68Bb3E,Martha,Cruz,Copeland-Freeman,New Kaylashire,Bolivia,591,59117479157766306,5917489593796,collinsalejandro@arroyo.com,2020-02-12,http://rangel-blake.org/
164,25A8883aDb70dEf,Douglas,Carson,Ferguson Ltd,Branchview,Israel,972,972649610158,9721234946576,ethanle@gibson.com,2022-04-26,http://wong-strickland.com/
165,d8Cd94028074AFD,Toni,Cline,Robles-Davies,Ortegaside,Ecuador,593,5933795277815890,5934539132252,kyleramos@lee.com,2020-03-18,https://www.glover.com/
166,90fc05Eefaa4AE0,Robyn,Berger,Suarez Group,South Karen,Lesotho,266,2668351756247754,26676709531364246,amatthews@owens.com,2020-04-28,http://www.brewer.com/
167,Fc8bdf1329ce090,Calvin,Roach,"Wilkins, Goodman and Cummings",North Melvin,Wallis and Futuna,681,68170598971271441,68110658878300640,kathleenbrewer@sweeney.com,2022-01-04,https://www.ward.com/
168,3a7836DbB6347AC,Angel,Park,"Barry, Thomas and Oconnor",South Marciafurt,Morocco,212,1879705267102795,2120361273806095,masonadriana@price.com,2020-03-29,https://yang-roach.com/
169,7F2ceBFc5eBE80A,Bradley,Delacruz,Mathis-Rocha,Ortegaland,Cote d'Ivoire,225,22512549953856158,22595827556102731,khendrix@powers-levine.biz,2020-05-26,https://whitaker.com/
170,06328dB77db6D9D,Donald,Cross,"Donovan, Key and Leblanc",Bruceville,Saint Helena,290,29021144894172645,2902911643457,srodriguez@hester.info,2020-01-25,http://www.grant-campos.net/
171,337649Ab3CaDFb7,Jeremiah,Guerrero,"Cole, Franco and Alvarez",New Erikville,French Polynesia,689,6893587948196,689183134687455416,mosskevin@perkins.com,2022-05-11,http://montes.com/
172,cfC4Cf6Febff0dB,Perry,Trujillo,"Yoder, Watkins and Singh",Lake Joyton,Panama,507,50767927611203465,507664428070186584,geoffrey16@gentry.com,2021-11-13,https://www.webster.com/
173,F7d3Ce1c250cbCf,Brent,Beasley,Mendoza Group,South Kimberly,Antigua and Barbuda,1268,12684171630671,1268636571720709917,bettymckinney@houston.com,2022-04-14,http://edwards-nguyen.net/
174,9D65c9EaF3d120E,Ariana,Velasquez,Stokes-Haney,South Codyfurt,Ireland,353,35314168847851394,3533837,makayla22@carey-james.com,2020-08-02,https://www.orozco-santiago.com/
175,E63e09cbA7618Ad,Don,Vincent,Norton-Watkins,Sanfordmouth,Luxembourg,352,3527475416093,35258325160287609,jarvislarry@lang.info,2020-03-22,https://www.mahoney.org/
176,84cACb9DF8CFa06,Bradley,Blair,"Mullins, Huber and Dillon",Franciscochester,Montenegro,382,382188969252995156,3822659066855940,masseyriley@blanchard.com,2021-11-01,https://welch.com/
177,5D74Db6C837AACd,Henry,Conway,"Clarke, Fleming and Porter",Fordton,Saint Kitts and Nevis,1869,186909128944650219,18698740482086,qrusso@le.com,2020-07-07,https://www.hansen.info/
178,F878fF2E97BC2Ef,Norman,Waters,Welch-Romero,West Stacey,Rwanda,250,250290731682957399,2507602991126,meganwilkinson@bird-anderson.com,2020-10-14,http://www.schultz-zamora.com/
179,bDD2ebC2Bb4EfeD,Breanna,Miranda,Mejia Group,Colinberg,India,91,91124082166777792,910672753333,claytoncastillo@schroeder.org,2021-04-28,https://larson.com/
180,A5Cd45CD6FEe5A2,Seth,Osborne,Rollins-Carson,East Kaylee,Holy See (Vatican City State),39,394239151795,398487105884,xcoleman@farrell-bernard.com,2022-01-01,http://www.bradford-rivas.com/
181,8BABDb31B26eBe3,Lydia,Ponce,Fitzgerald Inc,New Eduardo,Mongolia,976,9764012641567,97651515958846697,lauramorris@anthony-bullock.com,2022-05-24,http://hahn.com/
182,83DE9dee8ed3B72,Sherri,Bradshaw,"Ramos, Suarez and Jacobs",Dariusview,Kuwait,965,96545341705341278,9650547257739,mossangela@farmer.com,2020-04-05,https://www.may.com/
183,d4aACF5b785daaF,Alejandra,Lowe,Benjamin Group,East Petermouth,Western Sahara,212,2124431406541,2122815599196,andre80@dodson.net,2020-09-27,http://wilcox-liu.com/
184,9193A4C5a8Cd335,Raymond,Bernard,Odom-Hull,Lake Karlaburgh,Burkina Faso,226,226681600167008508,2268250158974,adam45@tanner.com,2020-03-06,http://www.collier.net/
185,edF0eDC8D61ABBe,Patricia,Moss,Acevedo-Rasmussen,North Stacey,Belarus,375,3752493819632,37569305823004868,pfleming@french.com,2021-10-16,https://www.underwood.com/
186,F58a977a2cE01E5,Hector,Meyers,Hanna-Ortiz,New Mario,Tanzania,255,2551283807319114650,25584774976638913,bowersjessica@arellano-hart.com,2021-11-19,https://massey.info/
187,a45Cd8423E56A7a,Pedro,Zhang,Conway-Stewart,Jacobmouth,Kazakhstan,7,78737666452,1254122826818631,barronsergio@valencia-proctor.com,2021-07-11,https://www.barajas.com/
188,4EA2fe116fb3EB5,Marco,Donaldson,Wagner and Sons,West Aprilberg,Canada,1,15644222600,1163506386403308,holmesdwayne@sheppard.biz,2021-07-22,https://alvarado.info/
189,ccC3b8ae049544D,Shannon,Yoder,Whitney Ltd,Jofort,Nepal,977,9775406,9771908305660,laura10@romero.com,2020-07-17,https://www.lang-ellison.org/
190,33bC91cd5EEB5DC,Brian,Downs,Ramirez-Thompson,New Anitafurt,Kazakhstan,7,78352001345,129640296010673,dcombs@mcneil.org,2020-08-03,http://www.rangel.com/
191,5A375fc846cE010,Dillon,Cooley,Luna and Sons,Port Micheleville,Ireland,353,35310759864034964,353324854169874503,cody25@watkins.com,2020-06-28,http://bullock.com/
192,DC5AcF32E413E3E,Joyce,Chaney,"Stanton, Lane and Schmitt",North Francis,Luxembourg,352,35268234331645621,35218522864065987,joannarusso@nelson.com,2020-01-26,https://www.chapman-short.biz/
193,c0B71AddCF5AcE4,Angelica,Schaefer,"Jackson, Gibbs and Parker",Lake Sydney,Sudan,249,2497607473821,24935454554200320,mark43@stevenson-garcia.com,2021-01-18,https://whitehead-payne.com/
194,44dC6C8Ca4f0a90,Marcia,Horton,"Carter, Ford and Matthews",West Kendra,Kiribati,686,68699322442828920,686113275162852256,mcdowelljenna@beck-lewis.com,2022-05-17,http://arnold-morse.com/
195,657eA09240Bd02A,Sydney,Barr,Weiss LLC,East Courtneyview,Micronesia,691,6916952888162,691938765178950304,carlosstewart@deleon-griffith.com,2022-02-05,https://hurley-blankenship.net/
196,6d0d8Fbf5b2D7bC,Jay,Hodge,Wolf Ltd,South Rebekah,Guernsey,44,14394912180,6480252021666,fvillarreal@brewer-pena.com,2021-02-06,https://www.carlson.com/
197,53B158FcccFF74c,Angela,Jackson,"Reynolds, Patel and Rush",Reynoldsborough,Congo,242,242119682162705206,242552005700105902,arthurpetersen@bolton.info,2022-02-06,http://perry.net/
198,a8FfE4fbd7910b9,Bethany,Barrera,"Swanson, Figueroa and Heath",Vickietown,South Georgia and the South Sandwich Islands,500,14110573486,5006232251109,rhonda48@castro.info,2022-05-29,http://www.cortez.com/
199,7fB6124FC680839,Cindy,Valenzuela,Rojas LLC,Maychester,Chile,56,561860035915421075,14896856257790,maryforbes@oliver-mills.com,2020-04-13,http://www.holmes-wolfe.info/
200,dDfcEc72F9C2EE2,Christine,Camacho,Pace and Sons,South Daveville,Yemen,967,9672357,967113003293474714,aguirrenatalie@randolph-moore.com,2021-02-26,https://www.nolan.com/
201,46da39f97fAF05f,Tyrone,Hendrix,"Small, Osborne and Rojas",East Wayne,Vanuatu,678,678390305635925631,6784422,javierbarron@mcclure.com,2020-02-15,http://www.collins.com/
202,B557b025a4712A7,Roy,Gould,Beasley Ltd,Jackberg,Montserrat,1664,16648312961569,1512859737147076,fmoore@vega.com,2020-04-26,http://www.livingston-stanton.net/
203,EAc7eFFfAB5c6F0,Matthew,Mann,"Benton, Flowers and Snow",Aguirrebury,Papua New Guinea,675,675011996641573778,67554301400784213,summer05@harrison-bowen.info,2021-01-06,http://www.swanson.com/
204,e03f14D59F512A9,Taylor,Torres,"Gamble, Cooke and Lewis",Port Roberto,British Virgin Islands,1284,128413022630760673,12848462647720044,ihuerta@lutz.info,2021-12-29,http://medina-williamson.com/
205,CEa5C35aEaF44CF,Hannah,Waller,Glenn and Sons,Fritzbury,Turkmenistan,993,993403463581069144,9937148,gouldruth@novak-dunlap.com,2022-04-23,http://www.cunningham.com/
206,BE3c6CC4B8b58ac,Randy,Cannon,Le PLC,South Nancy,French Southern Territories,262,2627088465418222,26214138226734526,pcampos@lloyd-leblanc.info,2022-01-21,https://www.henry.com/
207,eD6bdfeF85Afe01,Adrienne,Hunter,Escobar-Cannon,Lake Glennside,Kazakhstan,7,795200807770963,724827195695820,lindsay75@levy-valentine.com,2022-04-02,http://www.wiggins-cuevas.net/
208,3D60AEa0bAd4fcD,Raven,Weaver,Bray PLC,Adamsfurt,Gibraltar,350,3502325340126732,3509918857191,hutchinsonmartin@shelton-burnett.com,2021-05-17,http://duncan.com/
209,7E9b016a452809a,Isaac,Murillo,Conrad Inc,Port Ryan,Romania,40,4090579929593989,401541363429159985,schmittstephen@elliott.biz,2020-05-21,https://www.burgess.biz/
210,C75d32ACd9E04f2,Kelly,Branch,Barton Group,Port Beckymouth,Montserrat,1664,166490193243267097,1825904290565639,alexandranguyen@carr-gray.net,2021-06-04,https://www.orr-meyers.com/
211,2bf6d8FA82ff41e,Chelsey,Larson,Walls Inc,New Yolanda,South Africa,27,2736174361436781,272574283831,katrinarasmussen@craig.com,2020-05-09,http://www.jimenez.com/
212,B2ec81f6e1C5AAF,Rick,Marquez,Woods-Warner,New Taylorburgh,Bahrain,973,9736204440182,9731562668501,josephflynn@rivers.com,2020-09-08,http://foley-porter.biz/
213,343bfaCa1c6cf20,Tricia,Mckee,Macdonald Ltd,Port Kimberly,Turkmenistan,993,9934176175699985,993429130124787803,gabriela43@wilson-stanton.biz,2020-05-25,http://www.pham-burton.com/
214,e1BbBb2ebBd4c4f,Rebecca,Blake,Young-Sawyer,East Casey,Somalia,252,25298469244961810,2521894759798,brownvalerie@wade.net,2021-10-11,https://chapman.com/
215,cC0fFa66c619Ec8,Dan,Mcmillan,Wise-Mckay,South Jeremy,Uzbekistan,998,998128251493803559,9988503483092,martin28@gibbs-whitney.biz,2020-07-25,http://shea-proctor.org/
216,cE7C6adCc0eA8ea,Sabrina,Hill,Park-Kaufman,Daveborough,Ireland,353,3531555941759536428,3536166434876,omiles@mcdowell.com,2020-03-26,http://koch.org/
217,6d8aa560CE110Dc,Victoria,Walter,"Kline, Cobb and Gregory",Francisside,Malaysia,60,600128563350,604608,melanie66@townsend.com,2020-10-07,https://fields.org/
218,CF35dAbc52F2445,Jorge,Hendrix,"Delacruz, James and Calhoun",Jerrychester,South Africa,27,2765830318324024,2710721,cbates@walker.com,2021-06-17,https://hartman-hayes.com/
219,12b63e4656a94BD,Jodi,Fox,"Walton, Davenport and Charles",Wallacestad,Eritrea,291,2919537466609,291586106123986066,ashley25@lutz-arellano.biz,2020-06-16,https://estrada.org/
220,1a94Daeb8ecf5Dc,Sara,Vargas,Maynard LLC,Patelhaven,Senegal,221,2214109445826,2211762680733,erikdalton@hines.org,2021-06-17,https://wilkins-riggs.com/
221,fCCC17cffd8347b,Cynthia,Johns,Burns-Jimenez,South Shelley,Egypt,20,201845572207,12353690587,sellersmarvin@henry.com,2020-11-20,https://braun.com/
222,feF0F4a69aC9e93,Jordan,Hanna,"Nguyen, Ruiz and Finley",Santosport,Heard Island and McDonald Islands,672,6725281,6721304766618726637,davidchoi@kim.net,2021-05-19,https://case-hester.biz/
223,5fC5f9CCEF2DcA8,Maurice,Ramsey,"Everett, Humphrey and Zhang",Lake Dillonfort,Antarctica (the territory South of 60 deg S),672,672784610677971551,6720791147902694,zturner@jimenez-wells.biz,2021-07-27,https://duke-church.biz/
224,A449EaabD6a2Ffb,Catherine,Nicholson,Mckee PLC,North Tracey,Netherlands,31,316990218746,3149714634453257,bdelgado@henry.com,2020-07-07,https://www.peters-goodwin.com/
225,2bCCbaeaFfBe264,Sean,Todd,Rice-Wilkins,New Reginahaven,Bangladesh,880,8800356550185,8808384701313,uwarner@meza-carrillo.com,2020-03-13,https://www.dougherty.com/
226,67b2CF189EcFb5b,Lacey,Bond,Dougherty-Day,Grantshire,Bangladesh,880,8808735895122,8802329451059,glenncook@king-garner.com,2020-12-11,https://flynn-frederick.biz/
227,f4d401cf9Ad1bea,Katelyn,Wise,"Daugherty, Cooley and Joseph",New Alexa,Switzerland,41,414441315864,412697857119,ndougherty@bentley-lutz.com,2020-12-26,http://www.montes.org/
228,4F158BB4FFB3Cdd,Christine,Bowers,Davenport-Neal,Jacobmouth,Jamaica,1876,18761864462799715262,187610570775337250,jmorrow@campbell.info,2020-10-03,http://www.faulkner-nelson.com/
229,A205c4fDc4AeD44,Adam,Levy,Conrad Group,Bushview,Nepal,977,977937480364398361,977511946369120164,pcuevas@hancock.org,2020-05-15,http://osborn.com/
230,E51249bCaC2D3C0,Hayley,Ellison,Tyler Inc,South Howard,Lao People's Democratic Republic,856,8564600548907237,12300275418,ameza@cobb-poole.com,2020-02-11,http://cantrell.biz/
231,4ae3d1e39eBA622,Vernon,Warner,Monroe-Mccoy,Zoefurt,Japan,81,8136718709873041,811258982177231593,tzimmerman@moore.com,2021-09-08,http://holt.org/
232,6f65C6ea02BDadF,Fernando,Townsend,Wyatt-Henry,Lake Joshuastad,Turkey,90,902175487104408,906219056100381,kelly08@miller.net,2020-04-12,https://www.west.com/
233,A998A4F98474F3B,Walter,Parsons,Owen-Warren,East Alyssa,Mauritania,222,181048304326641,22214146079239148,pboyer@lambert.com,2021-12-24,http://robinson.info/
234,8F7ba1BA4fbCa78,Brady,Hill,"Hull, Knight and Kerr",Montoyaberg,Saint Kitts and Nevis,1869,18692515973770,1869188962600694100,yhaley@beasley-boyle.com,2021-09-26,http://pace-cowan.com/
235,6F2de1a7EdE2a53,Loretta,Rice,Jimenez-Medina,Port Danburgh,Moldova,373,3732794500168,3734071029677,poncejackie@mooney-allison.com,2020-11-16,http://silva-shah.com/
236,eF2fec28b643Ecc,Hannah,Beck,"Gay, Ward and Villegas",Port Carlos,Mauritania,222,2228909668503,2226228414733,reyespaula@velazquez-gillespie.com,2021-07-12,http://ramsey.info/
237,29C5Aa7D394F650,Jocelyn,Stephens,Macias-Burns,Kelleyview,Algeria,213,13682176779,2135407089785,velazquezchloe@fitzpatrick-byrd.com,2021-08-08,http://www.koch-parks.com/
238,A1cFceb6Ab52BA2,Benjamin,Chan,"Huerta, Potts and Crosby",East Emma,Finland,358,358195906490387261,35862024469667553,kari54@short.com,2020-09-21,http://www.li-berry.com/
239,db7D54e0ABF87C2,Caroline,Clarke,Reed-Tucker,North Sydney,San Marino,378,3781917288883728207,3787251823978780,amckenzie@leonard-newman.com,2020-04-19,https://alvarado.com/
240,bB69ADCd6AdD5F7,Cameron,Forbes,Cervantes-Hendrix,Rhodesside,Rwanda,250,2508174177386,250625210700,marie76@molina.org,2021-09-11,http://carson.com/
241,2b6af79868F386f,Wyatt,Mclean,"Flowers, Kline and Bass",Spencerchester,Dominican Republic,1809,18091837864896779624,18092841415905,ckrueger@cervantes.com,2020-01-19,https://barnes.com/
242,dEc837d5F13C1ed,Kendra,Waters,Gates Inc,Warnerport,Nicaragua,505,5055445638365,5059395719576,tracey11@carney.com,2020-01-02,http://www.ayala.com/
243,828C734a81bBf4B,Tom,Bradley,Stone Ltd,Lonnieburgh,Trinidad and Tobago,1868,12613511172386,18683278671874670,terriblack@huffman-burnett.com,2020-10-22,https://gordon-chen.com/
244,8bB5Eed0daFEeb5,Adrian,Frazier,Franco Group,Seanport,Ecuador,593,593049485991079759,5930342652339,ballfernando@miranda.com,2022-04-13,http://www.fleming.org/
245,DDfd0EEF4B46Eb3,Beverly,Kirby,"Ruiz, Chase and Villa",Elijahchester,Bangladesh,880,880084862142001125,8808857,valentinecarmen@michael.com,2022-04-01,https://www.mays-blevins.info/
246,BeDABcE5dbCa239,Priscilla,Stuart,Peck-Werner,East Max,Liechtenstein,423,4239144127148,4238819794350,jessehernandez@holder.org,2021-04-16,https://cantrell.net/
247,57Fb161EEb1C9Ea,Roberto,Hogan,Massey-Hoffman,East Javierfort,Aruba,297,2976704403702,2976760257899,christiangriffith@newman.com,2020-05-27,http://ferguson.net/
248,b9006D3c9cEeFef,Victor,Rogers,Walls-Randall,Gabriellafort,Kiribati,686,14466127595848,6861382040333,tannerbrandi@duarte.biz,2022-04-11,http://suarez.com/
249,EF0B773aE00C2dc,Alisha,Gallegos,Montoya-Mccarthy,Lake Christianton,Singapore,65,1208419290781591,658922777120,bernard01@hammond-delacruz.net,2022-03-26,https://www.hale.com/
250,aD8Db76dA126dFB,Stefanie,Fuller,Keith-Wyatt,Mcleanshire,Ukraine,380,380841648561643918,38021321133812473,bonnievilla@briggs.com,2021-10-19,https://www.nicholson-zavala.org/
251,b8fCA4DbB790ddA,Jackson,Grimes,Chan-Mcknight,Gayfurt,Kuwait,965,9657485960289119,96515910349296640,fullercarly@wells.biz,2020-09-26,http://www.hunter.com/
252,ebDeea2d7ceA4A8,Miranda,Robles,Maynard-Ramos,Lake Kevin,Andorra,376,37659277525953361,37621676381106083,sgarza@thompson.com,2020-10-16,https://www.holder.com/
253,BdBF790f2DB42FE,Gilbert,Bowers,"Russell, Ashley and French",Wyattborough,Bahamas,1242,12427502,1242170902988769575,sfields@sexton-archer.com,2022-04-13,http://nelson.com/
254,5B789BA48f72Cd2,Jon,Gay,"Frey, Howard and Burns",Lake Mike,Kenya,254,14644054973992,2544296434061065,hmelendez@jenkins-ingram.org,2022-02-23,https://www.garza.com/
255,bbd714cFdfDD3DD,Julia,Davila,Montoya Group,Port Caleb,Aruba,297,1230360383050623,2977637796968,ericafrederick@beasley.org,2022-02-19,http://rush.com/
256,cf01fCEFeABD468,Aaron,Potts,Berg-Cannon,Kathrynville,Bulgaria,359,359508464433029848,3592348442278,kathryn22@patel-gross.com,2021-05-21,http://www.burns-kane.com/
257,D7BbB33Be1FC539,Rachael,Jimenez,"Burnett, Vang and Delgado",Alextown,Bermuda,1441,144107021672451049,14412556554082357,romerotricia@chung.org,2022-04-19,http://yang.info/
258,D16609fed9fEC2d,Lucas,Macdonald,Navarro-Patterson,West Baileystad,Benin,229,2296041452223,2294161801375,masseykathryn@sawyer.com,2020-01-22,https://www.morton-monroe.com/
259,aF03B4cFc6c05C8,Kristopher,Sanders,Lamb-Oconnell,North Judyville,Comoros,269,16105979134568,2692990389462724,eperry@yates.com,2021-01-01,https://www.warner.info/
260,AdaaB43FFccaB0d,Alexandria,Hutchinson,Fry Ltd,East Jake,Azerbaijan,994,9947449647777,9947262139833,coffeymichele@hawkins-morrison.org,2020-04-03,http://www.collins.biz/
261,73fAFf3C782aa7D,Natasha,Schmitt,Russo PLC,New Tammy,Iceland,354,35405154528690567,35411186305686211,kelliewaters@fox.com,2020-02-28,http://alvarado.biz/
262,f21a28E24EDfCa3,Jose,Acosta,"Schmitt, Wyatt and Rice",East Gailhaven,Saint Lucia,1758,17587290334995139,175811249245660428,brooke89@carson.biz,2020-08-25,http://www.wilson.com/
263,c7838eEacAac61E,Cassidy,Dominguez,Dixon-Winters,South Annetteville,Bouvet Island (Bouvetoya),47,47974729373775245,4752893143503356,omcfarland@lin-atkinson.biz,2022-04-06,http://lutz.biz/
264,d3eAc0663BA3dcA,Debbie,Savage,Carey Inc,Port Franklin,Cape Verde,238,2387934150643,23869775841863525,vsingleton@huynh.info,2021-04-02,http://fleming.com/
265,B3b629eDc47eD22,Felicia,Burnett,Ortega and Sons,Lake Joyce,Saint Helena,290,2909030094355088,290657016331794078,stevensonbeverly@huerta.com,2020-12-07,http://case.info/
266,Cf1C67B4bf71090,Hayley,Gutierrez,Bridges-Keller,Alexandriamouth,Turkey,90,903911087747,162023277433319,janice91@stanley.com,2020-03-26,http://www.ortiz-mcmillan.com/
267,7C8DA410a370aa8,Melinda,Parrish,Carpenter PLC,East Wendy,Cook Islands,682,6823189382450,6821610278235148053,burchlee@atkins.info,2021-05-05,http://www.hendrix.net/
268,b500ecAa2d630f2,Jeremy,Keith,"Petersen, Rivas and Mayo",Bethanystad,Morocco,212,2125613201675,2125357543790578,udurham@singleton-lewis.com,2021-10-03,https://compton.com/
269,df8F2Ec3cC9412e,James,Washington,"Fuentes, Park and Poole",East Darin,Tokelau,690,6909506037850,6905299134727,jacksondana@baird.com,2021-05-15,https://haley-stevens.biz/
270,EC9eD68ff2Eb4f4,Karen,Leblanc,Farley Inc,Deanberg,Denmark,45,453341551758,451754737359190,poneill@cameron.com,2021-12-10,https://lozano.org/
271,CEcCBaC64cCae6a,Ivan,Malone,Coffey Ltd,South Soniabury,Moldova,373,37363687632880194,3734096152256,seanhiggins@whitney.biz,2020-05-17,http://www.valentine.info/
272,e45e5fd046d6D3c,Jesus,Cox,Rush-Melton,Deniseburgh,Tokelau,690,6908049483991,6908181831524,aaronmorse@shepard.org,2021-10-18,https://www.morrison-randall.info/
273,47097Ec9f8C15ea,Michelle,Lowery,"Warren, Randall and Durham",Parksfurt,Australia,61,617341,614193845791944,hthompson@fritz-sparks.com,2020-10-03,https://www.carter.info/
274,c9ea1cBBCe212c1,Paul,Meyers,"Pham, Cabrera and Long",Port Mercedesberg,Panama,507,50735082136811897,507561660434214654,smckay@escobar.com,2022-02-13,http://robertson-gray.com/
275,bCAd9c26D85A9F6,Eileen,Graves,Maxwell-Murillo,Antonioside,Saint Pierre and Miquelon,508,50818066173289348,5081741140831,ddean@gray.com,2020-04-25,https://carlson-murillo.org/
276,AEC4aBbF2AbEe3F,Christian,Jennings,"Lawrence, Mooney and Washington",West Kathryn,Iceland,354,3543531051827,3542847210226026,brett70@juarez-christian.com,2021-06-29,https://www.turner.org/
277,cFac8Afa1A4D08c,Don,Hendrix,"Blevins, David and Henderson",Wallaceville,Belgium,32,43540200,324026106864,zcopeland@arias.com,2020-02-17,http://www.eaton-mitchell.com/
278,dDf25B8D5b9cC14,Dominique,Summers,"Estes, Durham and Burgess",Rickyside,Maldives,960,96014112455810615,9601417109950,traceyreynolds@wilson.com,2022-05-21,https://stuart-marsh.com/
279,cBd7C9C9D2c09Fc,Wayne,Anderson,Manning-Pruitt,Haroldhaven,Samoa,685,6852845040100286,685581717226,sheila72@pollard.biz,2020-05-22,http://knox-owens.info/
280,57b374c72b5C7F5,Chloe,Franklin,"Mclean, Robles and Orr",South Craig,Comoros,269,269321310288301104,2694937390858,suarezbarbara@cross-baird.info,2022-01-15,http://www.christensen.com/
281,D48bd5f8cCc2339,Carolyn,Hendrix,Jimenez Inc,West Ricky,Anguilla,1264,12647845505247,12649246470346,huntercathy@henry.com,2021-06-21,http://meyers.info/
282,e5cC6aa0B9F6b68,Isaiah,Buckley,Davies-Hardy,Youngfurt,China,86,861562432073876444,86152261190782725,haaszachary@holmes.com,2021-01-19,https://www.lynn.com/
283,7CdC7Bf06ABB6Bf,Gina,Townsend,Jacobs Inc,Tommyshire,Solomon Islands,677,156691960159612,677196827549234140,claudia60@farrell-rivas.net,2020-03-19,http://www.daniels.com/
284,6841639B9B36D74,Stefanie,Grant,"Rojas, Gamble and Jensen",New Derrick,Burkina Faso,226,2261408095489559444,2267827775803862,franciscogomez@klein.com,2020-01-11,http://www.ibarra.com/
285,aB3D07AEe2FE75f,Cole,Combs,Rocha-Dawson,Port Gregoryfurt,Guinea-Bissau,245,1176747601015230,2451455745059965818,sdunn@newton.com,2020-09-21,http://www.curtis.com/
286,edF0BCbaf41d20A,Suzanne,Pope,Haley-Coleman,East Renee,Slovenia,386,3864430374233,1303678809436673,melinda13@andrade-acosta.com,2020-11-01,https://www.carney-rangel.com/
287,BE210AEfc6f1105,Gabriel,Green,Branch-Barry,Toddside,Central African Republic,236,2360702065236,104082505703404,qballard@fitzpatrick.com,2020-07-05,https://www.whitehead.net/
288,52B62a129E1515d,Jeanne,Atkinson,"Swanson, Landry and Jackson",Alexfort,Guadeloupe,590,5908338739166,5906663111079,holderloretta@phillips-hays.com,2020-04-18,http://hughes.org/
289,50d2e71E5Cf30DD,Lindsay,Ferguson,Randall-Franco,North Karihaven,Montserrat,1664,1664206154720249857,1664147760356290703,marquezhaley@oliver-figueroa.info,2021-12-22,http://ramirez-harding.com/
290,1BEC50dC5EACb1f,Ronald,Byrd,"Ramos, Hoover and Saunders",West Dan,Tonga,676,6769482917764934,67611922684383187,danielle48@pollard.com,2020-07-11,http://www.sims-barber.info/
291,BB6806cd1bED6e1,Marco,Holden,"Fleming, Parrish and Andersen",Port Beth,Palau,680,6801972145554155966,6800500133811,maureen60@chapman-duran.com,2020-09-19,https://hancock.org/
292,a476fE05DE4fe4f,Isabel,English,Leblanc PLC,Anthonyport,Monaco,377,377707024919909135,3771575108887,epatel@ochoa-hoffman.com,2021-07-09,https://www.clark.org/
293,79Ace6A23BEED5d,Nichole,Green,Chambers LLC,New Thomasbury,Tokelau,690,16134142877508,6909663009232021,jpacheco@lynn.org,2020-07-11,https://www.krause.info/
294,bbeCA50ff989fC6,Joann,Gonzales,"Bray, May and Riggs",North Tracieview,Eritrea,291,2913941592865,16014360845,earlhawkins@fernandez.com,2020-05-18,http://www.peck-parker.biz/
295,BDED6da71e0fF2f,Francis,Miller,Harrell-Pacheco,Lake Yvetteberg,Dominica,1767,17671639456110,17678087096376,kristidaugherty@burch.info,2022-01-11,https://www.owens-leblanc.com/
296,7C87BCEf12CB8Ba,Stuart,Valdez,"Dickson, Wilcox and Hatfield",East Glenn,Bhutan,975,9751319809862594284,97519231396694512,michelleodom@mcconnell.com,2022-03-01,http://www.pollard.com/
297,13ABe9a890afba0,Tricia,Berg,Le-Banks,Port Gavin,Iceland,354,354572435530175929,35411145236356019,alimelissa@montes-poole.com,2020-11-02,http://www.fitzgerald.net/
298,F02BecbDbCCc59f,Roger,Bauer,Braun-Morton,South Herbertmouth,Kyrgyz Republic,996,996182789226637295,9961677,joanne05@barron-perkins.org,2021-05-01,http://www.stevens-clarke.biz/
299,f09df5de7A2CD82,Tanner,Hernandez,Mooney Inc,Adamston,Bouvet Island (Bouvetoya),47,47031753379479094,4743769385435154,sheri28@pollard-drake.org,2020-02-23,http://www.garcia-hernandez.com/
300,06e2CC6b2D5aD69,Ellen,Cisneros,Larsen Ltd,Popeland,Belize,501,501429177203811588,501862160646943350,whughes@daniel.com,2020-09-14,https://www.carlson-ochoa.com/
301,9446Eb5Ae23062D,Latasha,Hancock,Massey-Myers,West Leroyview,Bangladesh,880,8803772664518939,8806329472435,colleen53@taylor.com,2021-05-16,https://www.soto.com/
302,bAb7b742456Bf2e,Jenna,Lamb,Mosley LLC,Toddborough,Ecuador,593,5930175624594,593140228162383872,frenchcaroline@chavez.com,2021-11-27,http://melendez.com/
303,EAB04AAd86319cF,Francis,Ball,"Schaefer, Bowers and Li",Port Michaelafort,Equatorial Guinea,240,240617578101284207,2407921865148,robinlove@mckinney.com,2021-02-05,https://www.henson-arellano.net/
304,4a219E8afe2F6cb,Jade,Archer,"Fischer, Vang and Skinner",Berrymouth,Romania,40,40030312986102244,401697619917,afitzpatrick@bartlett.org,2020-09-02,https://www.schneider.info/
305,0eeC8874c3cfEE5,Zachary,Parker,Ewing and Sons,Port Glennborough,Burkina Faso,226,226184425410416556,2268144093822,willie12@norris-pennington.com,2021-12-09,https://yoder.com/
306,09ccbfbdDD6f9c8,Karen,Kent,Dickerson Inc,Hofurt,Luxembourg,352,3524366543584,3529735110577,vfletcher@pineda.com,2021-03-03,https://www.willis-hendrix.biz/
307,C0eA15D68D551b3,Joshua,Dalton,Cross PLC,Lake Troyville,Nepal,977,1755615141002770,9778507772274586,msellers@fisher.net,2021-02-24,http://stone.com/
308,eCEEbab57beeecF,Kiara,Ashley,Watson-Delgado,Francohaven,Nigeria,234,2340666607132,2344304411793,norma73@martin.com,2021-10-26,https://www.humphrey-floyd.info/
309,Ab150a0eC9eE5Ce,Doris,Greene,"Jacobs, Velazquez and Estrada",Lake Omar,Libyan Arab Jamahiriya,218,218268520398757283,2186072391682,pjones@prince-blackburn.com,2021-10-06,https://freeman.org/
310,061Dd3953AC0350,Helen,Kaiser,Petty-Joseph,New Katrinaview,Heard Island and McDonald Islands,672,6726693060061,67215561197696262,jmay@osborn.com,2021-07-14,http://www.gilmore-henson.com/
311,e72615CbCAfD23f,Ariel,Francis,"Flores, Peters and Leon",Meyerfurt,Switzerland,41,41145851114073782,412195028531,gcarter@rollins.net,2020-09-01,http://mcdaniel.com/
312,dEbA4c280C2BC4c,Heidi,Singleton,"Glenn, Peck and Ashley",East Alberthaven,France,33,1391845071917915,3388143944125237,tkelley@richardson.com,2021-05-31,https://day.biz/
313,B49A38a0E3636dD,Guy,Keller,Callahan-Walters,Lake Morgan,San Marino,378,378469249329540023,37871963951113403,kleinmarilyn@frost-baird.biz,2020-06-19,https://www.fuentes.net/
314,aC8125126392EF6,Meghan,Moses,Henry LLC,Bernardmouth,Holy See (Vatican City State),39,393979794605,391720900533506961,xcannon@leblanc-hays.com,2022-02-23,http://sloan.com/
315,72B5a2ddE4EF5d0,Jodi,Moran,Ashley-Johns,North Lacey,Solomon Islands,677,67711212478279217,6779090898169,wsmall@jennings.com,2022-05-17,https://www.espinoza-gilmore.biz/
316,F26EA73B2B0D680,Heather,York,Morrison Ltd,Alexville,Senegal,221,221754484827155016,2213607350681,jesse32@ingram-paul.com,2020-12-25,https://hall.net/
317,F4b4dCF1DEcdB3A,Gail,Salazar,Barnett Group,North Isaacport,Saudi Arabia,966,9666855273077323,9666286120688,alvinbeck@petersen.net,2021-03-10,https://www.peters.com/
318,99CFEd2a16AFA1D,Tammy,Cantu,Estes-Evans,North Chelseyland,Senegal,221,2217808907757,22120813100248415,crystal44@holder-berger.com,2020-01-22,http://kennedy.org/
319,BFB7C3A44Dd1e9e,Olivia,Mcgrath,Duran PLC,East Chelseyfurt,Vietnam,84,84210873347071370,843192645351834,claytonday@drake.com,2021-04-06,https://www.mcdonald-ho.org/
320,b7C9e51d3aF5B6B,Michele,Case,Mathis-Young,South Roberta,Equatorial Guinea,240,2403674360262,240499049487669966,isaachawkins@brock.net,2022-04-05,http://stout.com/
321,d64895790A96b26,Matthew,Brock,"Gregory, Harrison and Roman",Elizabethburgh,Bhutan,975,97517829842667648,9756479988564272,kendramyers@moses.biz,2020-09-30,http://wolf.org/
322,15892ECFb9BeBd3,Jenna,Henry,Clements-Roberts,Tommyshire,Jamaica,1876,18765125333850,1876998357163825087,xzamora@rogers.net,2021-12-20,http://www.cantrell.com/
323,85fE9bc7A71dCB9,Kristina,Hunter,Fry-Melendez,East Isaac,Ecuador,593,59341438799628086,5932757498108662,bonnie63@potter-combs.com,2022-01-01,http://jensen.com/
324,c9Bb9740d8CEcAb,Shirley,Bowman,Roman LLC,East Dianeport,Reunion,262,2621355782855,26207982789038117,nicholasvaldez@wall.com,2022-04-16,http://www.miles-chapman.com/
325,EdaCbdd53cbCEeC,Allison,Walter,"Frost, Herring and Maxwell",Prestonchester,Sierra Leone,232,199747270379094,2321805,ypage@pittman.com,2020-04-17,http://mcgee.com/
326,addC6FdeBB8Cc31,Frances,Beltran,"Hunt, Howard and Black",Lake Lindseyberg,Swaziland,268,2684349593569,2683731453387,manuelfoster@carr-nunez.com,2020-04-28,http://www.atkins.biz/
327,aDd1631F795BFDB,Bailey,Waters,Fox-Frey,South Gary,Swaziland,268,268174118828893680,1609376634705955,jillian22@wyatt-olsen.net,2020-04-13,http://melton.info/
328,77D767dbb3f1477,Jeanne,Horn,Cisneros and Sons,Lake Billy,New Caledonia,687,6874526407715489,687580680599818153,murillobrittney@johnston-brady.com,2021-09-09,https://www.ho.net/
329,7b7A3BaF1d132C2,Jermaine,Hodges,Fields-Frederick,Lake Marilynhaven,Cayman Islands,1345,1531138172353933,13451288918417,barry83@beltran-tyler.biz,2022-05-04,https://www.mcclain.biz/
330,55182Fe83475b8A,Jeremy,Clayton,"Contreras, Hester and Baird",North Renee,Lithuania,370,37042059155336400,370382372214,bethmerritt@maynard.com,2021-07-05,https://www.mcneil-valdez.com/
331,31f87aAa0c99Ef1,Tracey,Hardy,Valentine-Murillo,Blanchardfurt,Libyan Arab Jamahiriya,218,21850386548282502,2188411076231,lesterguy@figueroa-molina.com,2020-10-09,http://davenport-vincent.org/
332,9EcEB3dfcABc16D,Leslie,Mcmahon,Adkins and Sons,East Dominique,Brazil,55,554032262988,126019935614338,destiny13@cline.com,2020-07-14,http://www.mcgrath.com/
333,d3bBF1aAF4ab92a,Peter,Moore,Costa and Sons,West Debrahaven,Palau,680,680109229418823430,6809897681517,traciliu@forbes.com,2020-07-17,https://nielsen.com/
334,5dD77A41eEf6fCe,Ian,Krueger,Cobb and Sons,West Melvin,Puerto Rico,1787,17874563136767,17879519,uvaughn@gardner.com,2021-10-25,http://www.montoya-monroe.org/
335,c292742ce78695f,Crystal,Choi,Mendoza-Franklin,South Monica,British Virgin Islands,1284,12849445,12847595533765,usutton@harmon-davenport.info,2020-05-29,http://www.mcknight.net/
336,88efB789aF1eAE5,Lydia,Peterson,"Downs, Bentley and Gallagher",Port Christiemouth,Singapore,65,12690072736370,655516800573,obarr@padilla-moore.info,2021-12-13,http://parker.org/
337,aD4Cf0BF6c3e2bb,Douglas,Waters,"Lambert, Irwin and Jackson",Natalieton,Czech Republic,420,420378107552776570,420201754582784834,keithwilkins@adams.com,2020-10-19,http://zhang.com/
338,Ce330c8e3a46aF9,Tonya,Bond,Gill-Herman,North Joshua,Luxembourg,352,13452686479,3526444309939099,dianemonroe@gibbs.com,2021-01-15,http://beasley.com/
339,DB9fe0FB818Aba6,Caleb,Henson,Hahn Group,Andradeberg,Bangladesh,880,8802767297190,8804595,whitneymason@dunn.com,2021-10-15,https://www.donaldson.biz/
340,8Df6A40b14badC0,Tristan,Lynch,Forbes-Collier,South Spencer,Belarus,375,37516810512503163,37512849182477066,cassie84@fletcher.com,2021-05-28,https://www.flowers.com/
341,E4C15dF29d5f9e6,Tami,Mendoza,Calhoun Ltd,East Savannah,Cape Verde,238,2381910231032038991,103905253135837,lwolfe@chavez-morse.biz,2021-08-24,http://www.goodwin.com/
342,Df6c56F8bFac68B,Leslie,Howe,Johnston PLC,New Cody,Liechtenstein,423,42363562258657344,4231168016683,susan82@prince.net,2021-08-26,https://buckley.net/
343,fc0Af8936A663F1,Luke,Perez,Lozano LLC,Phillipchester,Thailand,66,1674232788647134,6613076456108585,crandall@levine.com,2020-04-23,http://hudson.biz/
344,8CBa883abAbF420,Gina,Rowe,Hebert Inc,Jocelynmouth,Central African Republic,236,236202314255,117342413387062,carolinehunt@rowe-olson.com,2021-01-18,http://www.salinas-savage.com/
345,DbCE25a327a0b3F,Darius,Riggs,Best Ltd,North Philip,Moldova,373,122363750844810,12448451001967,smcintyre@jordan.com,2021-11-14,https://www.kerr.com/
346,Cbd8d5e5ff4aFAe,Hailey,Hart,"Lozano, Everett and Vargas",Chungbury,Venezuela,58,581652503587,589552362658,regina66@ochoa.com,2020-03-26,https://www.mccarty.com/
347,cADa7b0B4A1B03c,Larry,Paul,Gilbert Inc,Lukeside,Cayman Islands,1345,19429986981065,134591101400683764,russell17@chavez-schwartz.com,2021-03-03,http://arnold.biz/
348,d6Fb4FFbee8D4A5,Krystal,Woods,Stewart-Krueger,Crystalburgh,Taiwan,886,886919201341793879,886673958416000034,hudsonjoan@mora.net,2021-06-10,http://howe.com/
349,6Adb9b8C9C1dDEe,Tabitha,Reilly,Kerr Inc,Taylorshire,San Marino,378,378475797198629372,3784710915096,michealwhite@krause.com,2022-03-16,https://www.austin.info/
350,B67FfF99e083091,Roberta,Quinn,Oneal Group,North Phillip,Egypt,20,209071311623,201558678519631,ekoch@myers.com,2021-10-26,http://pearson.com/
351,Bacb2ceBD5eC70d,Reginald,Pitts,Perry Inc,Clarenceton,Samoa,685,68511010282024849,6852578347118396,robertsonnatasha@peterson.info,2020-01-29,http://norman-branch.com/
352,C3dE0b33e7fdcAd,Jesus,Rogers,Shields PLC,Jarviston,Afghanistan,93,9373811216117396,9372706340613967,frencheddie@contreras.org,2021-02-01,https://mccoy-harrington.info/
353,feFdfB76f7bFfBB,Roberto,Roy,"Gonzales, Cochran and Madden",South Dustin,Lithuania,370,3705653925117,37016954507648736,gnovak@haley.com,2021-08-17,http://www.mckee.com/
354,233b8C0F1360203,Jillian,Mccullough,Melton and Sons,New Gerald,Martinique,596,5960204987132,5969022882803637,lorettamoreno@kerr.net,2020-07-28,https://www.monroe.biz/
355,A853040cBF735eD,Alan,Valenzuela,Avila-Melendez,Birdtown,United States Minor Outlying Islands,1,11966489540823,12795718092,mccannmallory@parsons.com,2022-04-28,http://chan.info/
356,Da75138d7ebCDE2,Kristy,Dixon,Norris-Day,Ebonymouth,Holy See (Vatican City State),39,3953558450254903,399632638902,jacob13@mccann.com,2020-05-03,http://www.glass-mason.com/
357,dFf6f43Aa1fC6fa,Henry,Holland,Eaton-Burnett,North Julian,Gabon,241,2416156687783293,24118384316386717,benitezgina@downs-holden.com,2022-04-15,http://gallegos.net/
358,acaa3d9fB5803b2,Diana,Cox,Lin-Fowler,Tanyastad,Macedonia,389,3893506317181282,184223407695694,crystal25@spence.com,2022-05-02,https://www.sosa.com/
359,A9ed28AfDac3DBF,Sara,Middleton,Maxwell-Kennedy,East Ray,Nicaragua,505,5051629202655570,5054231952153,mcconnellglenn@gay-boyer.org,2021-07-29,https://www.warner.info/
360,Cdcbbc5DE7Da3Fb,Jade,Jimenez,Mosley-Knox,Wolfeborough,Dominica,1767,197053242125122,12217968995039,jaime61@wilson.com,2020-11-23,https://gonzales.com/
361,91CDb04d07fdB52,Carmen,Mcclain,Curtis-Lyons,Harryfort,Nauru,674,6749352054625707,674253996835584538,tsummers@dixon-vega.com,2021-10-22,http://www.singh-nixon.com/
362,7cC00DeCB8Acb3D,Wanda,Sanchez,"Raymond, Contreras and Wall",Tuckerfurt,Montenegro,382,3827506891255585,3824412746461,wnash@sims.net,2021-12-20,https://schultz.com/
363,7d013321BF8AE3b,Valerie,Wilcox,Dennis PLC,Coreychester,Tuvalu,688,6882429,6885915284279,jeanette40@banks.com,2020-04-24,https://cummings-duran.com/
364,eAEFcdc3A18A6db,Chloe,Hurst,Jacobs and Sons,Duncanview,Tajikistan,992,14303825394,9921355412560,smitchell@harmon.com,2021-10-29,https://oconnor-shaffer.com/
365,D5aAb5A9fdAD42F,Virginia,Goodman,Salazar Ltd,Jameston,Morocco,212,21213988222636505,2122239995846,dawn64@brock.com,2021-05-21,http://www.valenzuela-maldonado.info/
366,C84ecBaAEF865F5,Erin,Woods,Dawson Group,South Brandonville,Pakistan,92,92858589668449913,9281304881653075,bholloway@curtis-blevins.com,2021-03-27,https://www.parker-parsons.org/
367,b38a5e1De05Bbdf,Cassidy,Bruce,Castaneda Group,East Eugene,Congo,242,2428940226936,2426047681647,dwaynespence@kramer.com,2022-02-21,http://benitez-lam.org/
368,6f3799337d34d57,Sally,Hinton,Glover-Mccoy,Guyside,Montserrat,1664,16642654840824,16641643469633,rose26@navarro.biz,2021-03-08,https://ashley-mcintyre.com/
369,86c6c79858896bD,Jessica,Randolph,Cruz-Chandler,Holdenfort,Qatar,974,9743983683018,9744905648480109,kayleehenderson@tapia.com,2021-08-28,http://www.vang.com/
370,a7Ccf5Cc2Ccb5b3,Kelly,Hogan,Estrada PLC,Jaimeberg,Saint Vincent and the Grenadines,1784,1784070023302279970,178458993965351505,billmata@hatfield.com,2021-09-07,http://hanna.net/
371,c239cDD7AECcDF6,Derek,Chung,"Cooke, Downs and Hines",North Adriana,Georgia,995,9957700,133877270203153,grahamevan@wright.com,2020-11-24,http://hooper.biz/
372,BCfEfbb07f9CAe6,Shirley,York,Nolan-Hardy,Rodriguezbury,Brunei Darussalam,673,6732468103195229,6736489043479933,flemingcindy@dominguez.net,2020-04-03,https://www.leon-donovan.net/
373,87fDFB04b140E08,Cody,Potts,"Acosta, Robbins and Nash",Lunaville,Panama,507,5070796527124,50764079741755434,fischerselena@novak-fitzgerald.biz,2021-04-19,http://berg-hardin.com/
374,Ba6f5aC5B3A0B7d,Erin,Gill,Mosley-Whitney,South Rachelchester,Iran,98,981882277401,981894798815,dixonmelissa@brooks.com,2021-07-12,http://bentley.com/
375,F59f5AaF210DEAf,Nicole,Vargas,Powell LLC,Alvaradoton,Vietnam,84,840301733258,1746623606127545,hrobinson@estrada.com,2021-12-12,http://pace.com/
376,64f8dF266dAD25C,Sharon,Mack,"Vaughn, Kelly and Meza",Odonnellberg,Saint Lucia,1758,17587782,17581037515314610582,cristian24@hebert.net,2021-11-10,http://www.oconnor-riggs.com/
377,0efb09C7D23f9D0,Monica,Lopez,"Farrell, Mcclain and Kaiser",Latoyabury,Maldives,960,9601607534127,96054550741253231,terrance86@orozco.net,2021-01-25,http://www.cervantes.com/
378,899cbDE6c10eB9A,April,Jones,"Daniel, Rowland and Heath",Fryeville,Cocos (Keeling) Islands,61,61189235365041617,61823450541533858,taylor78@roberson-cline.com,2020-01-30,http://www.lang.net/
379,afd416397924e91,Johnny,Reeves,Holden-Camacho,Lynnborough,Chad,235,2355874809020,2358434,moyeralejandra@ball.com,2020-08-12,https://www.mueller.com/
380,386d8552b5Dc6a5,Brandi,Owens,Bray-Nelson,Lake Jacobstad,Dominican Republic,1809,1809820292241555128,18091225611650076639,karadrake@harris.com,2020-04-15,http://perez.com/
381,ac739239aFcF121,Max,Rasmussen,"Graves, Hardin and Cummings",West Tammieport,Liechtenstein,423,1928549351257008,42394470329335609,shawriley@rasmussen.com,2022-03-06,http://woodard-dawson.com/
382,591CE8Bb3aB2D87,Christian,Moore,Cherry and Sons,South Anne,Gambia,220,2206085361723,2203881218428069,moralesleslie@scott.com,2020-06-14,https://stevens-crane.com/
383,05Db1ADe4B4EcBE,Tyrone,Holloway,Peters-Perez,Pachecoburgh,Tonga,676,67698138107585982,676842201610467378,wdyer@mayo.net,2022-04-09,http://www.francis.biz/
384,AaEbfA8864F0Ffe,Victor,Ferguson,Lawrence and Sons,Turnerfort,Comoros,269,26935582370282739,2699023258758136,savannahglenn@ward.com,2021-03-08,https://bright.net/
385,89436752BeBF3Ec,Logan,Carroll,Chaney and Sons,Melissaville,Swaziland,268,2683272374377,2682740746169920,cummingsjo@shea.info,2022-01-03,https://barrett.com/
386,DaB00C4FE0F94C3,Alexis,Hawkins,Beck PLC,West Nathaniel,Eritrea,291,1258458300978532,16961189546,lcox@hensley.biz,2020-01-10,https://ray-summers.com/
387,E4693ceD4cf2854,Diane,Reid,Mendoza Inc,West Mikehaven,Sweden,46,14905333600,4610146170811991,ballmartha@salazar-escobar.com,2021-06-18,http://www.armstrong.net/
388,c4b2df692043bfE,Dylan,Sweeney,Mccarthy-Leblanc,Goodmanborough,Brunei Darussalam,673,165070578672798,67310094033218824,allisonstanton@mcpherson.net,2021-07-13,http://moyer.org/
389,Fc9BbAdBCC2716F,Craig,Gonzales,Clayton-Sutton,Darinshire,Falkland Islands (Malvinas),500,50066348428483853,5008400071243,chungneil@flowers.info,2020-04-23,https://www.mcclure-maxwell.com/
390,B13cC1De16A7b2A,Jill,Cardenas,Williamson-Franco,West Kerrifort,Brazil,55,193990927827296,55208836706196279,teresa89@wallace.com,2020-05-24,https://www.harvey.com/
391,4C07dbd609CCa2F,Timothy,Chambers,Alexander-Farrell,Pammouth,Afghanistan,93,19635027652654,93119702682126146,sean10@fletcher.com,2020-06-04,https://arias.org/
392,54b4C62aADAcf02,Jaime,Terrell,Castaneda and Sons,Gilesburgh,Czech Republic,420,42036322073686517,18648104269,ssutton@schroeder.info,2022-04-12,https://www.rogers.com/
393,49D34e92d722DF3,Alejandro,Hancock,Cooley and Sons,Lake Trevorton,Ghana,233,233481377527493190,103113691918794,orobbins@bradford.com,2020-10-15,https://ward.org/
394,BE30f4B3Ba7Ff3f,Gregg,Rodriguez,Roberts-Hernandez,Leonardberg,Gambia,220,2204364804182,15188476107,bernard04@evans-cooley.net,2021-05-16,https://leon.com/
395,f5d40eD401b66CB,Deanna,Pacheco,"Heath, Collins and Pierce",Georgeton,Oman,968,63527818,968995097004313753,courtney52@farley.org,2020-05-22,http://boone-guzman.com/
396,FCc33a3b8ddddB1,Mariah,Barton,Molina-Miranda,Hebertchester,French Southern Territories,262,11027902116365,15169679330,rangelbrad@oconnor.org,2021-10-12,http://www.mitchell.com/
397,6D95f66CAC4bb0D,Valerie,Branch,Atkins-Hodges,Port Jenna,Gabon,241,24143097082160109,241956539048524528,jennifershannon@lane.net,2020-05-18,https://pugh.com/
398,cdC6bBAaC9FbFEE,Jonathan,Norman,Mays-Benjamin,Josephview,Trinidad and Tobago,1868,18684837246953,114326315829707,chubbard@haney.com,2021-01-23,http://www.travis-vaughan.com/
399,dD4217ee6E211C3,Samuel,Drake,"Myers, Krueger and Sampson",South Tonya,Nauru,674,674301235844137411,6746213378153,xholden@walsh.com,2022-03-18,http://www.david-rollins.com/
400,c86eBcC5CE23f1E,Riley,Aguirre,Hicks PLC,East Sally,Senegal,221,1500057504146881,2219665450597,pattonsydney@graham.com,2022-05-07,https://tapia-erickson.com/
401,fC88F8C5AbE44a4,Jermaine,Baker,"Ryan, Conner and Boyle",North Diamond,Nicaragua,505,50512193450818074,5051242068062,atkinsonheather@sutton.com,2021-11-29,https://pennington-carney.com/
402,bCdE8dF145abf51,Holly,Hartman,"Rivas, Payne and Arellano",Dianamouth,Namibia,264,2641840650026398690,264509560620370695,tinakerr@aguilar.info,2020-05-27,http://www.stein.com/
403,C81De6a70E3abA9,Haley,Frost,Benitez LLC,Watsonfort,Ethiopia,251,25184055825815754,2515289253589,snyderfred@santiago.info,2020-12-21,https://marshall.org/
404,d6242cBeEfDCB33,Lindsay,Crane,Ramos-Howard,South Gabriela,Faroe Islands,298,2982582927721,2988247769644,xgordon@king-terry.com,2020-05-26,http://mccarthy.org/
405,E8Af7340E4969eD,Adriana,Bartlett,Wheeler PLC,West Roystad,Svalbard & Jan Mayen Islands,47,479302632754,477072753003,makaylalove@foley-rodriguez.net,2020-05-12,http://www.duke.com/
406,70dAab994Ccc3fd,Bethany,Ruiz,"Chambers, Castillo and Graves",South Andreachester,Syrian Arab Republic,963,1008242533378184,9635897976403,caleb30@mccann.com,2021-06-02,https://kelley.biz/
407,5b9cF88058fDc5B,Gabriel,Weaver,"Hutchinson, Hicks and Austin",Longton,Morocco,212,2128863496273,2121098776264494466,rellis@blankenship.com,2020-07-08,https://stafford.com/
408,0e47E9eCDcBaA8B,Jimmy,Heath,"Jenkins, Clarke and Faulkner",Coxburgh,Rwanda,250,2502888121579011,2505839569435265,allenwalter@escobar.biz,2020-08-01,https://hardin-elliott.com/
409,ACA39FbBBBBbfDC,Craig,Powers,"Trujillo, Hurst and Ortega",Grantmouth,Netherlands Antilles,599,599801840873159596,5993770987729,donnasandoval@sellers.com,2021-01-30,http://ruiz.biz/
410,2020A9EE84edF9f,Colin,Howard,Glass-Shepard,Alexberg,Australia,61,612683410043,611601477127,manningsuzanne@osborn.net,2021-01-09,http://www.page.com/
411,BD974de968Baf25,Edgar,Zhang,Francis Ltd,New Reginafort,Yemen,967,96711785482749097,9678303032943766,rbradley@buchanan-rogers.com,2021-08-17,http://www.moore.com/
412,DF81cAd9404dcc3,Carolyn,Lucero,Rojas-Ross,Charlottestad,Bosnia and Herzegovina,387,3878385975076,387182661764512053,ihawkins@tanner.com,2020-05-06,https://www.mcmillan.com/
413,0B1d8005feeC0DD,Tonya,Parsons,Meyer LLC,South Charleneport,Rwanda,250,2501844243225359574,25066557790088036,singhfrank@castillo-horne.org,2020-07-03,http://www.boyd.com/
414,4EA46eD9c84Ca1D,Marc,Small,Trevino-Bennett,Bennettmouth,Colombia,57,571282750621795672,162743772703849,michaelcandice@booker-hall.com,2021-03-26,http://dawson-tapia.com/
415,Ebeb0ff7E3afDD3,Dakota,Elliott,"Marks, Mora and Bender",South Charleneport,Russian Federation,7,7200531295594238,76344068299866,goodmanhayden@marquez-fritz.biz,2021-12-02,http://www.simpson.com/
416,b2bEF8ABCaBe83A,Hector,Barry,Hunt Group,Wumouth,Gabon,241,2412280590908,241674344850574946,ofriedman@gonzalez.com,2020-03-13,http://bender-terrell.com/
417,7B920F4cdC33Ac2,Morgan,Wells,Mcmillan-Ramos,East Yvetteside,Thailand,66,6668205146712714,664290340308,alec48@copeland.com,2020-03-14,http://www.fernandez.info/
418,CFd665D3a72d74B,Maxwell,Glenn,"Everett, Holmes and Sheppard",Miketown,Niue,683,1775349409639370,6834778918000491,stefanie43@hooper.com,2021-09-07,https://roberson-white.com/
419,c2ba942BF82F54d,Melody,Young,Peck-Rivers,Port Harold,Switzerland,41,413016263066,411965,brichard@cervantes.com,2021-03-16,https://pena-clements.info/
420,ec7fad7E7089Cc2,Alejandro,Sutton,Byrd PLC,Lake Franklinland,Colombia,57,571797827124292150,575110747872222,jillrichmond@pugh-roach.com,2022-02-05,https://riggs.com/
421,cBFeAd9059104d3,Jermaine,Banks,Harvey LLC,Lake Martha,South Georgia and the South Sandwich Islands,500,500215615391103142,5001584133879,wilkinsondaisy@chaney.com,2020-03-14,https://www.riddle-yates.com/
422,c6CAAD726614682,Terry,Woodward,Hicks Inc,Schultzbury,Syrian Arab Republic,963,9630258882467,96339595431468730,mcculloughkylie@ford.com,2022-04-24,https://www.osborn.com/
423,d3b6B3EfCdC3F41,Tanner,Cherry,Mclaughlin-Lucas,Noahview,Kyrgyz Republic,996,9963236226142,99607721187901916,melvin55@marks.net,2020-10-23,http://www.cordova.biz/
424,34f20119a4653A6,Troy,Elliott,Sosa LLC,South Robertbury,Equatorial Guinea,240,240105480012326243,2405301277009,ezamora@burke.org,2022-03-27,https://www.sampson-torres.com/
425,f6EA334f7a88F66,Barry,Rubio,Brock and Sons,Dalemouth,French Guiana,594,59487987709598275,5941557241603410,brad79@powell.org,2022-04-28,http://www.adams.com/
426,FBC23eEd22B3edb,Samantha,Lutz,Mcdonald Inc,Lake Hayden,Bahamas,1242,12423992721656,12558287753476,collin50@wilkinson.net,2020-06-28,http://cummings.com/
427,1fcf7f5458afe7F,Wendy,Trevino,Wells and Sons,Port Louis,Saint Lucia,1758,1758164924631926283,175878469194438233,christyconway@reid.com,2020-07-04,http://www.allison.biz/
428,df94B1738eaE0Ac,Greg,Mcneil,Mcclure-Thomas,Alfredhaven,British Indian Ocean Territory (Chagos Archipelago),246,246134788207601663,2469785577295,anitadorsey@mccarthy.biz,2021-08-14,https://larsen-parks.info/
429,7DbcDf7aA078502,Rita,Hutchinson,Galvan Inc,Arroyoland,Liechtenstein,423,42312811013018350,42311780473580642,friedmandean@hodge.info,2021-10-10,https://www.friedman.com/
430,6f8f3ACF87266F4,Rose,Robertson,"Chambers, Bernard and Rivas",West Brandonfurt,Svalbard & Jan Mayen Islands,47,47105583778791252,4710932,downsjackie@cole-orr.com,2020-01-17,https://edwards-morton.com/
431,7b3c3BB8302cFDe,Paige,Aguirre,Black-Pruitt,Russellland,Benin,229,229294388887477749,19395368931592,robertsmelanie@swanson-willis.net,2021-09-12,https://www.cain.com/
432,666bcA5d1bC1bB4,Xavier,Terry,"Ray, Maxwell and Olson",North Ritachester,Reunion,262,104490210210730,262586514244084986,shamilton@wheeler-jensen.biz,2021-11-11,https://www.hughes.org/
433,6aFF059e79908Ba,Michaela,Thornton,Riggs-Rodgers,West Victoria,Norfolk Island,672,1512968073836067,67275400716398172,raysimon@smith.com,2022-04-22,http://maldonado.com/
434,1C9bd2b561C6079,Kyle,Rojas,"Hoffman, Brandt and Gay",West Tyrone,Liberia,231,23199233929878823,231114080224819000,donaldsongina@underwood.com,2020-06-16,http://warner-jarvis.com/
435,de867ED21BE7Be6,Devin,Baxter,"Kirby, Lang and Galvan",Lake Xaviertown,Jordan,962,96250952919571149,9620410021326,ubennett@mckenzie-farley.info,2020-02-14,https://www.ritter-spears.com/
436,e0518740Bc9cfd2,Omar,Farmer,"Fuentes, Mcguire and Mendoza",Tatemouth,Lesotho,266,2666754419752,26690971202096904,aowens@arnold.com,2020-07-27,https://www.robles-stuart.net/
437,62C2a7EF506B793,Desiree,Vang,"Patel, Donovan and Branch",Wigginsbury,Burkina Faso,226,145990827705164,226974575225142998,leeeileen@peterson.com,2022-03-06,http://www.mckenzie.biz/
438,B8ABA5783fE1901,Fernando,Wade,Chan-Good,Rosebury,South Georgia and the South Sandwich Islands,500,500058700180579527,5006960530556,frederick82@pham.info,2020-06-05,http://www.schwartz.biz/
439,3405dAae1edfFC5,Anne,Winters,Gay LLC,Lewisview,Monaco,377,3771543433537,37796823925639018,ybanks@velazquez.biz,2021-04-21,https://paul.biz/
440,C06E5CacB0AEabC,Glenn,Harrell,Vincent and Sons,Lake Douglas,India,91,914108768930,91976366369859691,luis88@calhoun-gaines.com,2021-07-05,http://chan.org/
441,c987e6535c414Fb,Tracey,Boyd,Mcmahon-Hale,South Victorhaven,Niger,227,2275286322992,2270773369071,oconnellkristopher@roberts.com,2021-10-11,https://hansen-frank.info/
442,Eb815ff4Bdc3Db4,Catherine,Becker,Ware and Sons,Christyville,Christmas Island,61,195288249436521,27276883,qlambert@obrien-gay.com,2022-04-29,https://moreno-brown.com/
443,2eA0Db58d06eBBe,Sharon,Farrell,Collins-Kline,New Aliciaberg,Gabon,241,2419614905003,2419915785838671,masseyvickie@prince.info,2021-04-24,http://olsen-patterson.org/
444,Bbc62BCaa7EEc1C,Clinton,Schwartz,Horton Inc,Reedland,Greece,30,304026886241,306940204032027,robin51@caldwell.net,2021-07-12,https://page.com/
445,Db223E916D7AB44,Sheri,Perez,"Velasquez, Haynes and Parks",East Krystalland,United States Virgin Islands,1340,134013765807302226,13400763267301,kyle22@robbins-trevino.net,2021-09-08,http://lara.com/
446,CA6Cc405b96dB2f,Beth,White,Wiggins-Horne,East Hunterburgh,Israel,972,12774083148,97244904883502987,hendrixjoanne@hooper.info,2020-06-25,http://www.bruce.net/
447,E83CA6652fFCf36,Cole,Benitez,"Daniel, Phillips and Garrett",Lake Amanda,Estonia,372,3724857999011,37248646477286735,geoffrey76@gonzales.org,2022-02-26,https://www.roach.org/
448,7DbAC1a567CaFbc,Caleb,Chapman,Mullen-Burgess,Port Stanleyside,Kiribati,686,6869173070717,6861675189819,lindseymcmahon@hayden-tucker.com,2021-08-18,https://mcintyre.com/
449,CA2C493E84e823D,Glen,Eaton,"White, Harding and Gilbert",Rosefort,Belize,501,501069570240642623,5016564412268,jcantu@clayton.com,2020-11-30,http://www.carpenter.com/
450,3Ab9edfFce89FBb,Cristina,Hanna,Mcconnell-Mccarty,West Arianafurt,Central African Republic,236,2361009592569207601,10964283465490,mathew61@woodward.com,2020-03-02,http://www.bernard.com/
451,1fD261D086f6C1D,Kathy,Owens,Irwin Inc,Keithchester,Brunei Darussalam,673,6734572491421,673405491910880483,ugordon@boyer.info,2020-07-09,http://www.lucas.com/
452,D25508749F84F16,Rachael,Keith,"Gentry, Hurley and Gomez",Shannonstad,Togo,228,22811637335172202,22819340342656464,paula85@douglas-mann.net,2021-12-09,https://cortez.info/
453,ff3aB296eC3CbfF,Marcus,Thompson,Prince-Hodges,New Gwendolyn,Albania,355,355296285294,355210754804573177,gravesjanice@rice.org,2021-08-27,http://www.wall.org/
454,9B2bEE619B99C5d,Norman,Mclean,"Crosby, Ayers and Burch",South Stephen,Equatorial Guinea,240,240101792224875474,2409292441286,nathaniel65@copeland-levy.org,2022-04-03,http://www.potter.com/
455,CaC56Fa7fdB3cBB,Brandon,Cross,"Delacruz, Hodge and Snow",North Leon,Tuvalu,688,13813945895,18423758326,currysabrina@henry.biz,2021-10-14,https://rowe.com/
456,7d719f1bCcaA3Ac,Autumn,Soto,Ho-Long,Lake Deanna,Niger,227,2278241986767,1838932555072809,robertasharp@vasquez.info,2022-04-29,https://www.andrews.com/
457,fe4b7DfcdE855b3,Jaime,Cervantes,"Garrison, Mccall and Bowman",North Kristinside,Egypt,20,201198705313089,203706750668274,casey71@little.net,2020-09-05,https://www.walter-frederick.com/
458,2FdF7253F607D57,Reginald,Blankenship,"Holmes, Warner and Barrett",North Carly,Malawi,265,13792291128,2653198732500,plawson@reyes.com,2022-05-10,https://www.small.com/
459,b8bcEF027CaB352,Chelsey,Mcknight,Morse Group,Fordborough,Djibouti,253,253194995960274955,253590275077825496,aaroncollins@nunez.com,2022-04-08,https://rich.net/
460,DdCF0e6Bdfd9abC,Clayton,Lindsey,Gilmore Ltd,North Sean,Greenland,299,2993484285110,2991110293362528970,katiestanton@villa.com,2021-09-03,https://www.henson-benitez.com/
461,d8c5E1952bd52aA,Kurt,Prince,Humphrey-Cain,Ronnieberg,United States of America,1,113920217859819,115156980312055,thompsonangie@may.com,2022-05-05,http://gibbs-friedman.com/
462,fEDfBd9AefCEE86,Joy,Choi,Montgomery Group,West Jermaineton,Dominica,1767,17678629,176775390336866517,sheenarichards@harrison.com,2020-02-25,http://daniel-walton.info/
463,01AEbCbD0cB7cCd,Jeremiah,May,Larson LLC,Gabrielleland,Macao,853,8532620140619128,187864685597157,fgoodman@livingston.org,2021-07-29,https://camacho.net/
464,2B700A47d0a7258,Candice,Huang,"Barrera, Conway and Holland",New Joanneberg,Guinea,224,22407564851850727,2248704228273,adamsjim@luna.com,2021-04-30,http://porter.com/
465,F0DC08bBe5C8d84,Alejandra,Tran,"Blackburn, Hampton and Conway",Karatown,French Guiana,594,5941547820511,5942206682080680,kporter@kelley.com,2021-12-26,http://wagner-orr.com/
466,1DdAAb3C139CD4C,Shaun,Richardson,"Cunningham, Grimes and Cameron",Rachelview,Armenia,374,374133410762707050,374582574855470093,craigkent@waller.com,2020-01-20,http://www.houston.info/
467,7A0dA6ead4EdAb2,Darryl,Russo,Copeland and Sons,Scottstad,Nicaragua,505,50581396143576049,5058371393971450,qbates@randall.com,2021-10-26,http://zavala.com/
468,6614c31711BB58e,Joe,Cabrera,Wilkinson LLC,Kimberlystad,French Southern Territories,262,26257633115234246,262797240790395135,wesleymcfarland@dunlap.info,2020-05-06,https://rowe.info/
469,Af7F1daF5fFc3aa,Travis,Duran,"Vincent, Watson and Esparza",Port Russellmouth,Uganda,256,1422237125985115,2560442738508,rshields@mack.com,2021-07-23,http://wolfe.net/
470,D91DbdaF9AbE2C5,Warren,House,"Frazier, Cain and Santos",Lake Devonmouth,Togo,228,1958863545176396,22882469548729613,brittneytravis@salinas-zhang.org,2021-09-09,https://wiggins.org/
471,8aaA7b93ecb0a6a,Katherine,Haas,"Villegas, Stanley and Calderon",South Tonya,Eritrea,291,29116009429704234,2917432751760259,iheath@woodward.biz,2020-12-19,http://www.schmitt.biz/
472,9572F1AbCFCF09b,Karen,Burton,Stein-Hess,South Andres,Cote d'Ivoire,225,2258081177855,2256084133968,gary29@craig.org,2021-04-09,https://warner.info/
473,69285d4cD0bE6ad,Logan,Riddle,"Leach, Gutierrez and Villarreal",Weberview,Jordan,962,9629771238872405,9624981780105,valerie78@osborne.net,2022-05-08,http://www.christian.info/
474,9E2eb00EF367Fa2,Kathryn,Hester,Lam and Sons,Port Paigefort,American Samoa,1684,12981356349,168410102690735017,mccartycandace@mclean.com,2022-01-22,https://koch-willis.com/
475,F69a0ecCD997c2C,Christina,Villegas,"Mercado, Ewing and Villa",Vickimouth,Nigeria,234,2344707383122,2347356365836,isabella03@rojas.com,2021-09-11,https://mercado.com/
476,05f1D7bA2Bd4764,Joel,Walters,Cuevas-Vaughn,Carlsonfort,Cayman Islands,1345,1751158428909917,134551803431664102,icalhoun@scott.com,2020-10-21,http://www.cunningham.net/
477,AdBE0cFb4dF1233,Frederick,Delacruz,"Beck, Lambert and Sweeney",Brianbury,Djibouti,253,2537485075124,25319036128499784,kiaramacias@banks.com,2020-02-05,https://www.church.com/
478,C2Cb929eB37D1c6,Warren,Cantrell,"Hood, Mora and Murphy",Whitneyburgh,Korea,82,8269816549510179,822582159895,darrell62@dickson-nielsen.biz,2021-08-06,https://www.carlson.info/
479,196cd1bEBf9BE88,Melvin,Bates,Fry-Roy,Karinabury,Vanuatu,678,67811885960811285,1819869369357329,rashley@robbins-boyer.org,2021-01-27,https://vasquez-whitaker.com/
480,e140badD88486b0,Meredith,Pollard,Gilmore Ltd,Anthonyshire,Sudan,249,131824374395141,2492295057411,sandy88@dougherty-gordon.biz,2022-01-05,http://www.miles.info/
481,14ec4E6B5a11fAa,Dawn,Hines,"Kane, Roman and Osborne",Collinstown,Paraguay,595,5954692760499,5955216723210,nataliemedina@mitchell.net,2020-10-17,http://www.huber.org/
482,2aA82CEc2Da615d,Audrey,Goodman,Jenkins-Murillo,South Rogerhaven,Yemen,967,9672530282881,9671191623054983,martinjeanette@petersen.com,2021-10-01,http://www.orr.org/
483,6AAe1afbFdAeAFf,Kurt,Waters,Molina and Sons,Port Shane,Papua New Guinea,675,6751842707286,6754648,sanderscheyenne@peters-ware.com,2020-03-03,https://www.weber-watson.info/
484,bBfce6c3cCaB04e,Eugene,Harper,"Rowe, Aguirre and Holloway",East Josephfurt,Serbia,381,38111155181104112,381398964168917341,charlotte42@bowman-arellano.biz,2020-06-14,https://terrell-proctor.com/
485,EC8627a6230b960,Caleb,Eaton,"Franco, Blankenship and Nolan",Rileyburgh,Sri Lanka,94,941736964162,943593006512,weverett@dixon.info,2020-07-13,https://www.bell.net/
486,06Fe765659a7ace,Kaitlin,Mejia,"James, Bowman and Bass",Lake Alechaven,Latvia,371,146180005495927,371373702364565021,ross23@hooper.com,2022-04-08,http://www.hicks.info/
487,2eF88CDC6ad286b,Jennifer,Mercado,Espinoza LLC,South Vanessaton,Cayman Islands,1345,16422435591490,134548886806119734,deannamiller@boyle.com,2020-05-12,https://collins.net/
488,7Ee692dCD8CAD8F,David,Cardenas,Cortez-Flowers,Tanyabury,Bahamas,1242,12420784306698,1242415215376799040,mpetty@clark-allison.info,2022-01-23,http://www.roth.com/
489,1C6Dfa0EfEd96A3,Jenny,Reid,French-Norris,Karenmouth,Malaysia,60,6005779472830115,603229464033,dustinrhodes@fischer-hendricks.com,2021-01-16,http://www.burnett.com/
490,6a46bcD3CdC56d2,Lonnie,Frye,Fox-Small,Carlsonfurt,Panama,507,50755848101370251,128313824890629,ronnieprince@haley.com,2021-09-03,http://zamora-wong.net/
491,0AcD9d0bA01EBB4,Janice,Mayer,"Cobb, Chen and Fitzgerald",Port Sheenaborough,Jersey,44,116842354086465,446094096722,careyspencer@ellison.com,2020-06-19,https://www.welch-houston.com/
492,acf26D1e0A5Facc,Debbie,Bates,"Fox, Lara and Short",South Toddchester,Sweden,46,468903907381,4648500563861941,sfrederick@fowler.com,2020-05-30,https://www.stevens.com/
493,4EfBeB41A29fA5e,Jean,Christian,Sawyer Group,Hartburgh,Jordan,962,9628047529766,96267093869823428,gregory88@kane-atkins.org,2021-03-28,https://frederick-dawson.com/
494,0115aEF33Ff7afC,Philip,Harding,Burgess-Stephenson,Jenniferland,Turkmenistan,993,99316173590067587,99314420097438072,barrerasamantha@manning.com,2020-05-10,http://rivera.net/
495,7c30B97c1CB579e,Jillian,Oneal,Chambers Inc,Knoxton,Cape Verde,238,14886051551,2382021859949890,wilkinsontravis@booth-crawford.biz,2021-09-28,http://shepherd.com/
496,dfAFD00fa9374d0,Mindy,Christian,Fox PLC,Jesusfort,Liechtenstein,423,4230616337317,423128582762908369,jessicagillespie@ibarra-cannon.org,2021-08-04,http://skinner-finley.com/
497,2EC8778AB8bdABa,Bobby,Mclean,Mosley Group,West Normanborough,Cote d'Ivoire,225,184111868473429,2255845438832,hodgekiara@conley-haynes.info,2021-06-02,https://nicholson.com/
498,E040edB499A6132,Amanda,Santos,Camacho-Lamb,Freemanberg,Antigua and Barbuda,1268,126809298383910219,1268626158476392618,slivingston@cherry-lara.info,2022-05-29,http://www.mcneil-gould.biz/
499,aB9FF85332Bfb2a,Ralph,Buckley,"Tate, Wall and Trujillo",New Tara,Montenegro,382,102719059416139,38214283354962296,hansenjoshua@pugh.com,2021-05-15,https://www.fuentes-vang.info/
500,390f4Fefe8CD44d,Brian,Montoya,Short and Sons,West Mirandaside,Gabon,241,2410115129780,241857438834451367,jblankenship@harper.com,2021-01-27,http://boone.biz/
501,BedC4Fbf851fED8,Joann,Dyer,Salinas-Stephenson,Lake Chadside,Nigeria,234,2343818103453,2342133444115,llowe@mcmahon.biz,2021-06-03,http://www.fitzgerald-acosta.info/
502,8bDC7FCd0bDD1A3,Rhonda,Cook,Pennington-Lee,Zamoraburgh,Lebanon,961,9616373,96112454394377124,rollinscristian@harvey.com,2020-05-14,http://www.nielsen-davidson.com/
503,fcaF0A4f9eE28F0,Charlene,Huffman,"Henry, Weeks and Cantu",Stanleybury,Korea,82,822363,82828679536385711,belindawalls@wall-dalton.biz,2022-04-01,http://www.reynolds.org/
504,8f7B9864aF6B829,Abigail,Shah,Ortiz LLC,Mercadoland,Sierra Leone,232,2323369249620,232410774981,ecollins@wise.biz,2022-03-11,https://www.cantrell.biz/
505,D2b1feDDA3BEBDF,Frances,Bridges,Lane and Sons,Port Virginiaside,United Arab Emirates,971,97106320740712868,9710953095610,nicholemccann@logan.com,2021-09-07,http://www.calhoun.net/
506,2AC8cD1Bdc5AAe5,Belinda,Kaiser,Hull Inc,Phillipsbury,Malawi,265,2650889726248,2650101328522,susan95@burgess.com,2022-04-17,http://www.shelton-maxwell.org/
507,f5319CE131F7b18,Michael,Griffin,"Finley, Molina and Ortega",West Sophiafort,Syrian Arab Republic,963,963520429563525615,15405306719,priscilla21@richmond.com,2020-03-31,http://www.grant.com/
508,35DefAbbBaD45a7,Brooke,Briggs,"Daugherty, Bond and Mcmillan",Mezaview,Sao Tome and Principe,239,2395228884371,2391994917408259,moraleonard@grant-murphy.org,2021-12-18,http://lin-hardy.org/
509,c99EcB1cB9CBCab,Desiree,Sloan,Mccann and Sons,North Kyle,Vanuatu,678,6782667963286,6784315190763,pittmanjay@pruitt.org,2020-11-07,https://dudley.info/
510,5c6ACAAA8dFE4b1,Jared,Floyd,Waters-Novak,East Tylerton,Jersey,44,446987524375,16756972813563,qenglish@huang.com,2020-06-10,https://www.schroeder-mora.com/
511,214a9fEFFc6F0eF,Latasha,Spencer,Castro LLC,North Kimberlychester,Honduras,504,5048904,12773261042437,sean06@bridges-serrano.com,2021-08-14,https://www.ritter.com/
512,3EBf95cB4fBa76F,Joy,Mack,Blackwell Group,North Stevestad,Latvia,371,3718934943142496,3711689706561210765,calebsolomon@li-berg.com,2022-03-20,http://oconnor-hale.com/
513,7E044bcbEedBB85,John,Rhodes,"Luna, Flowers and Beck",Port Sylviaton,Iceland,354,35406229785162490,1075320963679858,jamiemontgomery@cameron.org,2022-01-07,http://chandler.net/
514,fdC0B083Cae9B4e,Claire,Schaefer,Lynch-Pittman,Stuartmouth,Algeria,213,14664122339568,11918779968593,hannah33@leach-frey.com,2021-01-21,http://www.dominguez-higgins.com/
515,6f2BBDD4A57e8DB,Judy,Nguyen,Graham LLC,Lindsayburgh,Uruguay,598,5982259858787,598756286902404667,tmoses@mueller.com,2022-05-21,http://odom.com/
516,b68E5a53fBb0C4A,Andrea,Dennis,Kramer Ltd,Colemanfurt,China,86,8629103789841081,19905551905268,stephensonkevin@rojas-strong.com,2020-12-16,https://boyd-giles.info/
517,CE4824D6Efb613b,Karla,Middleton,"Bradshaw, Mcbride and Gamble",Mayton,Mongolia,976,976162631203111874,9760859539812,nathanielmoreno@cunningham.com,2021-11-10,https://www.frazier-logan.com/
518,Ca864FdF34fFceB,Sean,Coffey,Kirby-Coffey,Silvaberg,Anguilla,1264,12640477245640598,1264198377094528270,tbartlett@knox.com,2020-09-23,https://harrington.net/
519,C9bc697e05CA8e7,Nichole,George,Stout Group,West Charlotte,Greece,30,30821763128767117,302835785979,warddeborah@eaton.com,2020-03-03,http://avila.net/
520,F93CdDD9A6aC9a1,Justin,Dougherty,Gregory PLC,Greerbury,Netherlands,31,312468288047,105660222585044,robersonangie@thornton.com,2020-01-22,http://www.garza-crane.com/
521,d07a675F0A632F5,Devon,Smith,Morgan PLC,Brandtville,Libyan Arab Jamahiriya,218,11282949900938,218627788903770639,glenda72@hobbs-watts.com,2021-08-23,http://sutton.net/
522,666bAC9090ca824,Becky,Scott,Coffey-Mcgee,Haroldport,Jersey,44,167013624452162,167043204473507,rblack@benson.com,2020-02-13,https://mclaughlin.com/
523,2B73dfDF8fBFc90,Misty,Espinoza,"Baxter, Sims and Braun",Mataport,Luxembourg,352,3528958143127,35287540765373990,zbarron@ross.com,2020-06-27,https://www.mosley-vazquez.com/
524,3ba5E3fAE68d927,Franklin,Rivers,Beasley-Lewis,East Joan,Reunion,262,2626452262596,167412999451699,miguel73@fisher-hatfield.org,2020-03-07,http://mitchell-ho.com/
525,e17e36c40fA6dFD,Leonard,Barber,Stevens Ltd,Lake Jasmineview,Rwanda,250,2503398971478,2502198860043,gainesbethany@washington-pearson.com,2020-01-12,http://www.hurst.net/
526,D50d9BfDd00D08d,Lonnie,Price,"Ibarra, Horton and Williams",North Kirk,Cayman Islands,1345,1345776314938406185,13451317059951,hbradshaw@wang.biz,2021-11-29,http://www.sosa-baldwin.com/
527,580D7BbFef6D2A9,Clarence,Cantu,Dudley LLC,Robertstown,Gambia,220,2208118263109160,22044940659602208,billy41@malone.net,2021-03-21,http://daniel-campbell.info/
528,9ffeC6Dd1ADdeA5,Johnny,Foster,"Terry, Fletcher and Mclean",South Chelseyton,Puerto Rico,1787,17879972996070719,17874951832808341,lancebenitez@nash.info,2021-10-19,https://walton.net/
529,DBa86561f0eb9EE,Richard,Vasquez,Glenn PLC,Stanleyhaven,Burundi,257,1416240539741745,2579075786058,jonesjacob@downs.com,2020-04-03,http://www.kaufman-braun.net/
530,3B596CDe02dE7C1,Tabitha,Compton,Cantu-Hunt,West Tammietown,Mozambique,258,2584151489992348,2588829794505,joneskrystal@blackburn.net,2020-03-26,https://www.villegas.com/
531,7B9dcC1B6F12d4c,Adrienne,Wong,Barrera PLC,Anthonyberg,Gibraltar,350,35011048678861020,35053872017166556,yjenkins@lowery.com,2022-02-25,http://browning-jennings.com/
532,4Ec632DE79B28EB,Jorge,Farrell,Delgado LLC,Dylanberg,Australia,61,17443180340612,61800315155732359,alfredsnyder@tran-ellison.com,2022-04-21,https://mcknight-trevino.info/
533,4dBDe7b4c50Acad,Kathy,Richards,Ellis Inc,Fieldsside,Turks and Caicos Islands,1649,16491641650302187498,16496234,anitavillarreal@reilly.com,2020-06-21,http://www.anderson.net/
534,6ab786F1B0eEb62,Larry,Ellison,"Horne, Lloyd and Bolton",South Cristian,Sweden,46,170186713831224,467410525344945,chelsey46@calhoun.com,2021-07-15,https://taylor.com/
535,b83Baa3FB8bD6d9,Gabrielle,Chaney,"Acevedo, Randall and Harrell",Tanyachester,Guadeloupe,590,590446815985155536,5908564381122,ulogan@gilmore.com,2021-10-05,https://www.washington.biz/
536,8f2fcb5fF2bb8F3,Maxwell,Macias,"Marquez, Poole and Chang",New Edwin,Maldives,960,96014713775595163,9608963582977,ray95@barnett.com,2021-08-04,https://www.mccoy.com/
537,6E0e975BFDCE575,Joyce,Chan,Crawford-Nielsen,Isaiahfurt,Serbia,381,3819913334640442,3817316480003,calhounkari@thompson.info,2021-05-26,https://www.solomon.com/
538,a0Ac0205DA5CC61,Kari,Durham,Durham-Dean,Lake Julianberg,Greece,30,306044913461377,309449147694877,kathrynsims@wong-chapman.com,2021-11-03,https://www.trevino.com/
539,ef1947B9fcf1f73,Trevor,Mckee,Moss LLC,North Reginaton,Togo,228,2287750202079497,2287810754104626,nicholserika@cooke-le.net,2021-07-04,http://www.carter.com/
540,1F435Bcf1e6F9e4,Diana,Thomas,Ali-Stark,Rodriguezfurt,Greece,30,3073551238358357,304645464247534,brendan87@hale.com,2021-05-14,http://www.ortega.com/
541,58c352c869a7441,Cynthia,Moss,Colon LLC,West Matthewside,South Georgia and the South Sandwich Islands,500,5001158104850424,500150161319240604,victoria21@pope-ortiz.com,2022-04-16,http://lambert.com/
542,276ec18f5546bd1,Billy,Garrison,"Travis, Nichols and Farmer",Andreburgh,Mayotte,262,2623613855690,2621721853624850,kylie93@patterson.net,2021-10-20,https://www.townsend.com/
543,20bE2068b3dF6fC,Grace,Austin,"Petersen, Barrett and Leon",North Yvetteview,Sierra Leone,232,23287394919834897,23270302041803468,hayley87@washington.org,2021-08-10,http://www.tran.com/
544,531EC46d609AFeA,Kerri,Hamilton,Hart and Sons,North Karaside,Yemen,967,967129377883486650,9675834357303,scurry@schaefer-tate.info,2022-02-28,https://www.lawson-maddox.com/
545,dfB30AeFafbf803,Kaylee,Wright,"Randolph, Butler and Burgess",North Douglas,South Africa,27,2716989543625127,1254691455182898,barbara31@page.info,2020-12-10,https://www.pacheco-reilly.biz/
546,9Dc9cD4BeB07bfb,Manuel,Delacruz,"Wilson, Kline and Bullock",Port Cassandrastad,Papua New Guinea,675,6756088504442,6756232510095204,alexandria98@shields.com,2020-12-22,https://www.andrade.info/
547,dD82a433b8fbBFe,Helen,Baxter,Schneider and Sons,Garrisonberg,Bolivia,591,591169780401174196,13621736686307,pacenatasha@whitaker.com,2021-08-11,http://www.boone.biz/
548,0001fA39dA6D349,Leon,Hendricks,Hood Inc,South Angelica,Chad,235,235279741042369516,2353141479581,drew59@strong.info,2020-07-31,http://owen.com/
549,4fC75A4a7d9Cd2E,Henry,Contreras,"Rice, Simpson and Russell",New Michellefort,Slovakia (Slovak Republic),421,4213550170172376,421746855808,gregorymcfarland@rodriguez.com,2020-06-05,https://www.proctor.biz/
550,3C0fC61afA3B2Ec,Gerald,Tanner,Fritz LLC,West Leslie,Western Sahara,212,2121828078207385914,1045644626419063,isabel75@rubio.com,2021-03-30,https://lawrence.com/
551,4Ee0B5C383a4f3d,Ariel,Arnold,"Stokes, Floyd and Bradford",Michaelport,United Arab Emirates,971,9717304286709177,971375115437024502,sarroyo@mejia.com,2020-11-14,http://solis.org/
552,d58EDBdF7d212E0,Judy,Fisher,Riggs-Beltran,Juliestad,Fiji,679,67981382330281288,17093262736,dflynn@spears.com,2021-04-18,http://yoder-bender.info/
553,197f76Faea8e47C,Miguel,Wood,"Cooke, Mcgrath and Morse",East Douglasberg,France,33,337724709914,337515826549,hblankenship@ellison.biz,2021-01-16,http://wolfe.com/
554,cc5D6c37d36FdDd,Lance,Gillespie,Collier-James,South Timothy,Lebanon,961,96161380216123942,9618470836365,urojas@wolf.org,2021-10-16,http://shaffer-schmidt.com/
555,a4Af4C89e95B721,Natalie,Wang,Holt Group,Mercadofurt,Macao,853,8533139743712,853147285949596829,larsonray@hodges-bartlett.net,2020-02-01,https://www.ruiz-underwood.com/
556,f1eaacc6D98BAba,Charlotte,Byrd,Benson-Gardner,West Rita,Ireland,353,3538725386164,139691508542390,braunjillian@mcintyre-delgado.com,2021-04-08,https://www.gentry-woods.com/
557,fe4DAb8ead6b6a9,Chelsea,Wagner,"Hurley, Shepard and Harrell",Port Cristianview,Bosnia and Herzegovina,387,3879348650142,3879294367329,clayton96@knight.com,2020-07-12,http://saunders-warren.org/
558,A8497fe0cce772F,Larry,Rollins,"Michael, Cunningham and Ellison",Krausefurt,Djibouti,253,2535846747798202,25302657132387767,spearsmarissa@flowers.com,2022-04-27,https://www.rice.com/
559,05b6ed3aEACDaa3,Paul,Leblanc,Holmes-Gates,South Heathershire,Rwanda,250,2502866801556571,2507242266354,wolfedanielle@pitts.com,2020-12-28,http://www.caldwell.com/
560,BE9fae1Ac10B5b4,Caitlin,Vance,"Phillips, Frazier and Blair",New Julia,Korea,82,823884019174,1279981863301405,bonnieparks@ritter-flynn.com,2021-06-26,http://moreno.com/
561,fE90dD920AAA4bC,Adam,Shaffer,Diaz-Harrell,Garymouth,Tajikistan,992,992543138166340499,129143069917025,isaiah33@ho-lane.com,2021-04-16,http://liu.com/
562,5D86bBC0dd02d40,Martin,Rocha,Hall-Daugherty,Oneillfurt,Niger,227,22719702767201890,11046701800,montgomerycharlotte@wong.com,2020-11-01,http://www.cook-wagner.com/
563,E8DC64C4e67fDA3,Ronnie,Erickson,"Miller, Lucero and Mccann",South Miamouth,Papua New Guinea,675,6751069630970,1193796347334614,tricia95@mcdonald.com,2021-12-21,http://www.valenzuela.com/
564,b8003a3D4b8107c,Sheryl,Delgado,Manning Ltd,Tracyfurt,Liechtenstein,423,42330583029237751,152419583324353,larry51@stark.com,2021-08-05,https://jarvis.biz/
565,b57CabD45Be54e4,Kristen,Williamson,Doyle-Rodgers,East Kayleetown,French Southern Territories,262,2621227958554,2621650534906,watkinskaylee@pacheco.biz,2020-04-27,https://ho-medina.net/
566,Fb0e378Af6Ee37e,Cole,Warner,Grimes Inc,Port Kylieside,Bhutan,975,9751761,9755951201719,dorislucas@evans-hartman.info,2022-03-06,http://moses.net/
567,Ff5aB5C9b6f2Da7,Lee,Mercado,Pierce-Wilkinson,East Normaville,Panama,507,168888002629032,50712658375389679,wilkersonnicholas@crosby.net,2020-11-15,https://strickland.com/
568,5B7CEEAeFBD3710,Paula,Bates,Lin Group,Phillipsville,Taiwan,886,1127810419693626,88603890798217976,sethrhodes@silva.org,2020-03-22,http://cooke.com/
569,8F952d03DDC9EDa,Claire,Shaw,"Ayala, Krause and Hendrix",Anthonyville,Bulgaria,359,35923232554384420,105677508434935,chaynes@rasmussen.com,2021-10-19,http://leach.com/
570,6ea6dfAEe57f29E,Amy,Mclean,"Rasmussen, Pacheco and Mccann",Shortmouth,Cote d'Ivoire,225,2258649924522,2256936513468,hamptontammie@gonzales.com,2020-11-27,https://rivera-madden.biz/
571,dE4a58E2dd040dC,Joshua,Winters,Bolton Inc,South Terry,Luxembourg,352,35253599386585889,352135007169346381,brittanylandry@whitaker.org,2021-07-15,https://carlson.com/
572,82CE976694CDE15,Brian,Pittman,"Friedman, Montes and Valenzuela",West Meredithshire,Faroe Islands,298,13062733597195,29812957309977128,stevesuarez@winters.com,2021-04-11,https://www.brandt-romero.biz/
573,0E3b1a3f39221Ea,Jeffrey,Waters,Montoya Inc,Jesseville,Bouvet Island (Bouvetoya),47,17855261474848,474316807410,mezakristina@hunt.com,2020-10-30,http://hartman.com/
574,393d4147E61d8F7,Denise,Barber,Terry-Walls,East Katelyn,British Virgin Islands,1284,1284255762512,128479552433465494,qmyers@dominguez-doyle.net,2020-09-14,https://www.lutz-parks.info/
575,FAcBc1dd26EeAfD,Wayne,Sanders,Patel Group,Lucasmouth,Tokelau,690,6906216972099,690546014450860062,eshea@simmons-calhoun.org,2020-10-04,http://keller-browning.org/
576,4caAC4F5175aBeF,Sandra,Sparks,"Allison, Fox and Norris",Carneyfurt,Saint Kitts and Nevis,1869,18693876230064,18691300725223139226,mcgrathdalton@barr.com,2020-10-17,http://dominguez-bender.com/
577,c8C434b1A3dF31f,Jose,Singleton,Mcfarland-May,Haleyfurt,Azerbaijan,994,9948297910792681,994910353601869237,donhood@gilmore.com,2020-02-07,https://morse-vega.com/
578,aF4fA3aCA4bD5eC,Joel,Shea,Richmond-Horne,South Alisha,Palau,680,6801517016889266533,680060659569844574,gfarley@wheeler-ayala.com,2022-05-29,https://www.mercer.com/
579,895c3d6c2B7f017,Sergio,Marquez,Arroyo-Braun,South Kelli,Chile,56,18415502611,56208469906071338,darrylbarker@hebert.com,2021-02-09,https://www.chang-short.com/
580,fEceCCA3A41c4b9,Latoya,Decker,Cooke and Sons,East Franceshaven,Mauritania,222,222018498655249343,2228416743732117,audrey14@hopkins-serrano.biz,2022-04-16,http://www.koch.com/
581,9277977d7ff97fD,Chase,Guerrero,"Mccarty, Quinn and House",Armstrongtown,Gibraltar,350,3503451392949294,3502636844360,randall08@palmer-wells.com,2022-05-03,https://www.andrews.biz/
582,0dCeC4a8cAeefc2,Jeff,Tate,Brennan Inc,East Robertatown,Nicaragua,505,5051723951518151343,5058711911785,carlsonguy@massey-brock.net,2021-10-12,http://herrera.org/
583,1Ca8b16dAd6F75E,Brandy,Valentine,"Kidd, Gibson and Ramos",Janetchester,Romania,40,1328943054744801,405014703426,dkirk@bartlett-gross.org,2021-01-08,https://www.mccullough.com/
584,1d9E6c096AfD0bb,Jade,Vega,"Ruiz, Mcfarland and Terrell",Lake Jaclyn,Guinea,224,2248529882801920,22415519829314651,ihaynes@velazquez-robertson.org,2020-01-04,http://sanford.com/
585,D85Baf7dAe6aba1,Melody,Nielsen,"Rush, Snyder and Bridges",North Chris,American Samoa,1684,168479252742939478,10435417271,biancapratt@espinoza.org,2020-02-04,https://www.jordan-hooper.com/
586,05a3385fc5a8cc1,Brandon,Webb,Ferrell-Fitzgerald,Reyesstad,Peru,51,5124749636174442,5193872538672355,cheyennemurillo@campbell.com,2021-12-12,https://coffey-zimmerman.com/
587,6f3fa641ccba5EB,Jean,Mclaughlin,"Rivas, Frey and Figueroa",Thomasstad,Lao People's Democratic Republic,856,856316885248637693,8560745994682,jeffrey93@russell.biz,2020-10-30,http://www.vang.org/
588,cc4CFf3Cae8Fa5C,Albert,Case,"Henson, Heath and Delgado",Lake Lonnieberg,Saint Martin,590,5901409330227,5906225902182,krystal85@aguirre.com,2022-01-02,http://www.wise.com/
589,cfa4f67fF42bCa2,Jose,Duarte,Robertson Inc,Kristaland,Reunion,262,19216287818742,26218019427744263,billykerr@martinez.org,2021-11-07,http://www.chavez-browning.com/
590,aA04De37fe1EFcE,Jennifer,Brady,Hampton-Riddle,Stanleyborough,Zimbabwe,263,2635597377735,2631031151924,darrell48@robinson-graves.com,2022-03-09,https://www.carter.net/
591,d3944d30ECa7a7A,Angel,Conner,"Banks, Pierce and Romero",Port Marieland,Cape Verde,238,2381799038197331589,2381388704598,fgeorge@daniels.com,2022-05-19,https://www.conner.com/
592,BAcC813eAe0B26e,Alyssa,Gamble,"Mcclure, Raymond and Mccoy",Olsontown,Zimbabwe,263,2634460774531,263045853049860306,donaldsondamon@dickson.com,2020-08-24,https://www.mcbride-carpenter.com/
593,D48fdcDF9d7A214,Lawrence,Campos,Pittman LLC,Heathfurt,Uganda,256,2561269686585449,2568525893656973,santosrussell@hicks.com,2022-02-09,https://russo.com/
594,66bf59d65365BBB,Joyce,Michael,"Maddox, Wiley and Vincent",New Soniatown,Mongolia,976,192405105608625,976565777600182954,tomwyatt@fischer-morgan.biz,2020-09-06,http://www.schmidt.com/
595,43eD93bE0Dc7F95,Doris,Fox,"Hudson, Fritz and Mcdaniel",Huntville,Sudan,249,24904944165243925,2497344418701,gerald81@norris.com,2020-07-09,https://www.clements.info/
596,9eEdEaf8F8e087c,Johnny,Harris,Costa-Franklin,New Rickstad,Norway,47,4793400673451991,158748400012965,ihutchinson@bass-nunez.info,2021-01-22,https://www.nichols-woodward.com/
597,e35daaaE8442628,Leroy,Vargas,Acevedo Ltd,Reillyburgh,Ghana,233,1731995104573172,2331914315683481210,helen10@mcgee.com,2021-02-13,http://wyatt.com/
598,9dd1f1f82b87DaE,Diana,Green,Bishop PLC,South Andrewville,Kazakhstan,7,71330301835,78540867574,anarobles@barton.com,2020-03-21,https://pugh-hicks.info/
599,DF017FED418CdCb,Victor,Bowman,Nolan PLC,North Johnnymouth,Panama,507,5078559041357422,507353634858,nkey@buchanan.info,2021-01-19,http://www.wyatt.biz/
600,cdadAFc0c4CA025,Alexis,Perry,Tanner-Mullen,Darrylstad,Faroe Islands,298,2988640689264,2983309100017458,singletonbriana@cameron.com,2021-07-12,http://holloway-kent.biz/
601,1C8dBF1415ba679,Xavier,Mooney,"Boyer, Hatfield and Powers",South Antoniochester,Jersey,44,1871544077192696,44584311760386068,jessesavage@barr-mathews.com,2020-10-05,http://www.glenn-jennings.com/
602,8f0a3ba91c1Eb43,Lawrence,Gross,Miles-Hodge,Bradleymouth,Ukraine,380,3805149791897,38095840626546442,ryan38@delgado-crane.com,2022-02-10,https://www.dickerson.org/
603,bB93cEc8d4FeaAC,Albert,Myers,Davies-Benitez,Port Moniquehaven,Honduras,504,143145676550805,50402830398376938,wnielsen@reeves.com,2021-05-25,https://www.gentry-fry.org/
604,2e5a2200bD6C818,Mikayla,Oneal,Cannon Ltd,Terrancetown,Tajikistan,992,9926675206791,190075233973507,rbryant@ritter.org,2020-11-11,http://evans.info/
605,3BaB4b80DDAeDB7,Frederick,Mcgrath,Dennis PLC,Port Jodyland,Falkland Islands (Malvinas),500,500282880370478176,5006135159331,jonathon19@hicks.net,2020-06-29,https://www.bean.com/
606,698Df6Cf9f97ddF,Kirk,Benitez,"Bates, Baird and Bryan",Sharonside,Bolivia,591,5913930098348,5912369789898,mconley@mercado.com,2021-12-24,http://baxter.biz/
607,AbcaB8cF43b0C1d,Alex,Mcdonald,Bradford PLC,Candacestad,Egypt,20,206618559643,207051468342,bailey40@le.com,2020-02-29,http://simmons.info/
608,42b9A4e192da5C6,Trevor,Hayden,Jackson-Trujillo,Lake Angie,Bangladesh,880,880105467177690601,880153490982608938,kathleenvillanueva@bullock.com,2021-12-08,http://www.dalton-nguyen.info/
609,d8F1245a7Bac36c,Sherry,Lane,Randall and Sons,West Joel,Antigua and Barbuda,1268,126812917707166110,12685803,vmorrison@contreras.net,2020-05-16,https://steele.org/
610,DeBD13fe82A9E5f,Mallory,Pratt,Landry-Carpenter,Payneport,Malta,356,3568864076741,3569140788338178,cunninghamshelly@hines-curtis.org,2020-03-14,https://christensen-irwin.biz/
611,Dcc46b0FcAfB2C9,Daniel,Flores,Barajas-Gordon,South Carrieshire,Guatemala,502,5021571521384657224,502635478985146782,bvance@pollard.biz,2021-07-12,http://www.nguyen.com/
612,2F83b82be96bc01,Jesus,Kane,Conrad and Sons,Clarketon,Brunei Darussalam,673,6731089710721622,67312369471657313,moyertanya@santos-fletcher.com,2021-04-28,https://www.elliott.info/
613,4a52741EB5a7Ed1,Gilbert,Hendricks,"Goodman, Hinton and Douglas",South Francisco,Malawi,265,2652210893081,265595771249276080,castilloluis@kent-reese.biz,2021-06-27,http://www.hoover-foster.com/
614,05c1eCeEfE7DDE9,Kerry,Sanders,Larsen-Murray,New Grantshire,Montserrat,1664,12264449485,166434976018992643,zcase@mccarthy-patton.com,2022-04-29,http://www.swanson.org/
615,6d4bAbB01c22E0F,Alexandra,Davidson,"Morrison, Ballard and Alvarado",South Latoya,Botswana,267,267046172445600453,14071181116,deleonclinton@harrison-small.com,2020-06-11,http://www.rivera.com/
616,8ce2a9f6BB02b0d,Vincent,Carey,Murphy-Lopez,South Clayton,Jamaica,1876,1700782765243567,187651669959083491,josephmeyer@cameron.com,2020-09-12,https://www.cobb.biz/
617,F9AEc2F51C5EDaE,Parker,Russo,Foley-Yoder,East Dorothy,Malawi,265,2658001347296,26584450385679308,hancockbrianna@mccann.org,2020-01-02,https://perez-pollard.com/
618,9385f009fFFA723,Ebony,Velasquez,Casey-Krause,Dennisfurt,Mexico,52,5227387325140301,529312982694,marvinschmidt@lopez.com,2021-02-22,http://haley-ho.com/
619,E8a23B90899B6d7,Jesus,Holden,Carlson Ltd,Cathyton,Saint Barthelemy,590,590201923977877610,5906579684312,rutharellano@stafford-gross.com,2022-01-05,https://ayers-lyons.net/
620,10E34ADcd62bB92,Candace,Chen,Raymond-Romero,Stacystad,Aruba,297,29758078454458799,1502634974141298,candiceguzman@carlson-graham.com,2021-06-15,http://www.estrada-olson.biz/
621,33a3Afa322E1033,Juan,Saunders,Gillespie Inc,Sotoberg,Taiwan,886,8866226691603,8865886886058638,choidean@hays.com,2020-12-31,https://www.coffey.com/
622,1BE3BBe52EccE45,Richard,Serrano,Beasley Group,North Raven,Kyrgyz Republic,996,9961312959767,996507203875590959,mario93@roy.com,2021-09-24,http://www.bernard-greene.com/
623,D270EFAd9D76A76,Rick,Barrera,"Wells, Gallagher and Robles",Jermainetown,Samoa,685,6851246308068,6857544522601,cmercado@reed.com,2021-06-22,http://strong.com/
624,9eE3e7AdfbD7Da4,Meagan,Hoover,Chapman Group,Piercemouth,Tanzania,255,25504597800602686,2556552432006,alvin00@zavala.com,2021-02-18,https://oconnell.com/
625,d6ECEA63A80bBFf,Larry,Huff,Knapp-Hill,New Reneemouth,Samoa,685,1460621733621105,6855942534267,kennethtownsend@dominguez.biz,2022-02-20,https://lowe-potter.com/
626,014A372AC33c4F4,Kelli,Gonzales,Miles Ltd,Lake Dominique,Slovenia,386,3861467234725320,17385686496541,jgonzales@maddox.com,2020-05-24,http://www.ellison.com/
627,41eAa5e67049D75,Crystal,Howard,Stokes-Boyle,Guerreroshire,Ecuador,593,59329459153682730,5930502080085574,gwendolynterry@blanchard.com,2021-04-02,http://www.tapia.com/
628,FF8fd2c75FeadBE,Frank,Walter,Barnett-Floyd,Yolandatown,Saint Pierre and Miquelon,508,1835636231730070,5087470738970,leachnina@cantrell.com,2020-03-26,https://morrison.com/
629,ACd6d2856c3e9c6,Rhonda,Donaldson,Graham-Blackwell,Autumnland,Christmas Island,61,61683206281262499,6108109218931174,ellisontanner@gray-lewis.org,2021-01-31,http://www.simpson-knapp.com/
630,4213a532367a4BA,Lisa,Duran,Brennan-Spencer,East Sabrina,Senegal,221,22153006981019936,2217835731020,hammondcristian@berry.com,2022-02-11,http://www.horne-arias.biz/
631,5eB3Ce3ee5dAeDF,Isabel,Cisneros,"Salas, Kelly and Johns",Blakechester,Guinea-Bissau,245,2454148,24556068765190530,mccarthyangel@tate-lam.net,2021-04-08,http://ray.com/
632,EeEdaba9dDb8B0c,Bianca,Jennings,"Cooper, Romero and Mcneil",Ethanburgh,Cambodia,855,8551044305513,855279046960312538,rodriguezralph@herring.biz,2020-09-19,https://ward.com/
633,9fb8Ad13C8a1d31,Leon,Lang,"Vazquez, Compton and Kane",North Tyler,Czech Republic,420,18873774049,4205493255540530,grahampaige@carpenter-olsen.com,2020-01-10,https://alvarez.com/
634,166Cfb97832F81d,Luis,Zamora,Knox Ltd,Summerstown,Saint Barthelemy,590,5901879821503688727,590742737438438828,mcleanmichael@arroyo.com,2020-09-25,https://www.yu.info/
635,adfaD758ea6760B,Mitchell,Chang,"Mclean, Sheppard and Pearson",Mannport,Saint Pierre and Miquelon,508,5084311172099,5081079724996,colleenbarnett@hobbs-smith.com,2020-08-06,https://www.mosley.com/
636,aA88C4FD77e8d4E,Edgar,Terry,Mosley-Mata,New Ann,Bulgaria,359,3594336584621897,3596304081244918,kphelps@trujillo.net,2020-02-23,https://rollins-ewing.net/
637,3b480808b1Db3d8,Norman,Howard,Carpenter and Sons,Tammyberg,Sri Lanka,94,14259869926,9412644029993563,peggy04@mack-chambers.biz,2020-07-05,http://www.cisneros-taylor.biz/
638,9a17fFf3FF40B63,Fred,Alvarez,"Roberts, Solis and Carpenter",Port Katherineside,Greece,30,108433878654610,306012940453,ccollier@baxter.com,2022-03-26,https://www.walter.com/
639,D3a6bBFDEaff3c7,Lauren,Nunez,Nichols-Key,Haysmouth,France,33,335031912516,335817602856624,harrellkirsten@knox.com,2020-07-20,https://velez.com/
640,12e7C8A38a58Af5,Kristen,Terry,Howe-Mathis,South Rogerville,Niue,683,683092964542351182,68384444235931558,qhinton@ferguson.com,2022-01-31,https://www.berg.com/
641,eE3aabEcf63fb74,Olivia,Cross,Richard-Lutz,Rickburgh,Uganda,256,2568344781447,2561670651626,alec41@stuart.net,2020-02-18,https://zhang.org/
642,d4B4312AE1B0B64,Leonard,Pennington,"Elliott, Combs and Mcpherson",Tammieborough,Guam,1671,1671780597058128424,16717174065669,victoriacooper@avery-mooney.com,2021-02-13,https://pugh.com/
643,aA2Cbda7aF7CF6c,Nathan,Bryan,Kane Inc,Walshshire,Jordan,962,9625003431102896,9626557432287,brucecarrillo@evans-powell.net,2021-06-17,http://www.richard.com/
644,0913aD6BB949c79,Theresa,Gallegos,Spence Ltd,Dorisport,Togo,228,2286523134558,2282011997293456,ybrandt@hahn-mejia.com,2021-04-10,http://estes.com/
645,429cEAc4e675cfc,Jamie,Hayes,"Harvey, Foley and Rush",Orrfurt,Latvia,371,3711564751722,3711775764800,max17@estrada.info,2020-12-17,http://durham-sullivan.com/
646,f200f629aE89Cf9,Wayne,Herring,Brooks PLC,Johnburgh,United States Minor Outlying Islands,1,146526407290552,150532740628939,maxwellallison@gay-lynn.net,2021-04-15,https://vega.com/
647,f573f7Daf3f97E6,Allison,Franco,Willis PLC,South Cesarburgh,Japan,81,100878766252345,169321244752001,wileybill@archer-mckenzie.biz,2020-10-20,https://www.curtis.com/
648,3b03eFcCB873a8F,Ronald,White,"Ferguson, Knapp and Mathews",West Normaton,Turkmenistan,993,9936824075337,9935264,mmcclure@wiggins.com,2020-12-14,https://www.dennis-west.com/
649,c21Ce78AfddBcE3,Deborah,Taylor,Pope and Sons,Port Roberta,Macedonia,389,3893272511481,389131825033707987,catherine11@fleming-hull.com,2020-11-02,http://www.dodson.com/
650,13daEd070a6Db0e,Shari,Bender,Lamb-Valenzuela,North Guy,Falkland Islands (Malvinas),500,131569098563289,50044463451372529,mannashlee@kaufman-osborn.com,2020-01-26,http://gallagher.info/
651,7a060190AD8B1F3,Brooke,Gibbs,"Burnett, Atkins and Norris",East Isabel,Mali,223,2236421782908,22353828857598165,stefanie48@fowler.com,2021-02-06,http://www.hartman.com/
652,7e1DEE74450dFDE,Ashley,Melton,Oneill-Dickerson,West Stacy,Anguilla,1264,1264195439127672713,12641139766078957414,dustinbray@edwards.com,2021-06-20,https://www.clark.org/
653,38e7CFf07892bD4,Teresa,Hart,"Kane, Fry and Landry",Perkinsbury,Aruba,297,2978100855362,2971172,williamschmidt@watts-west.com,2021-12-17,http://www.weeks-hill.info/
654,EF82a88b39ca3a8,Bonnie,Erickson,Drake Inc,Lake Donbury,Rwanda,250,2509057201280,197926924565845,blakefitzpatrick@preston.com,2020-01-31,http://mcguire.com/
655,612FeF4eF2faD8A,Ruben,Trevino,Mcneil-Hancock,South Linda,Turkey,90,10017556573744,90151041999862759,ksheppard@moody.com,2020-02-25,http://christian-welch.biz/
656,Fe5dDa1b7B3c7EB,Fernando,Perez,"Huang, Preston and Stevens",West Melody,New Caledonia,687,6879356624930,124983297113498,lancearellano@gentry.com,2021-01-06,http://warren.biz/
657,bb94A4cdAD16B0E,Katelyn,Cabrera,"Brown, Valentine and Velez",New Miguel,New Caledonia,687,17484741725,6878211245173,msantana@lester.com,2020-06-09,https://www.dickerson.com/
658,4E100fFA492E3fC,Sylvia,Lin,Rivas-Alexander,Lake Juanport,Nauru,674,674737463494628020,6744499291096654,stevensmaureen@watts-tapia.biz,2021-05-09,http://www.mcgee-hood.net/
659,f3D6d3A26eBFFAb,Margaret,Snyder,Sharp-Oconnor,Cliffordburgh,Brazil,55,558524050322,557889919334,mirandaburnett@bradford-ross.com,2021-10-27,http://www.ware.com/
660,1C6C7B3e2617b55,Trevor,Schwartz,Mcdowell-Chang,Bradfordmouth,Isle of Man,44,441431257299,448757480053934,graceherring@pratt.org,2021-02-18,https://www.crosby.net/
661,95F882c8ebf0cc3,Bethany,Colon,"Greene, Mcconnell and Frye",Flemington,Djibouti,253,2537672452943,25323789726474209,mallory42@porter-cox.com,2020-11-03,http://cortez.com/
662,0DBfcB30c0D3EdC,Dustin,Vaughan,"Ramos, Bishop and Montgomery",Port Ebonyhaven,Eritrea,291,158126574609128,2919132579611,rebecca69@nolan-hines.com,2021-03-03,http://www.ho.com/
663,DbeFFa6cBE0f44a,Jim,Oconnell,Rodriguez and Sons,Roseport,New Caledonia,687,687917645869292417,68738224775031423,charlespriscilla@adkins.biz,2021-01-16,https://parsons.org/
664,DEA5834A1ba5E7D,Kerry,Roberts,"Leon, Morgan and Huff",Lake Rachael,Solomon Islands,677,6778092880431,67786666207931924,brettcrawford@griffin.com,2021-01-17,http://www.gates-torres.com/
665,4b19DFf62a7Be0d,Allen,Mcgrath,Parker PLC,Dawsonshire,Saint Kitts and Nevis,1869,18697801418750802,18693802343722,lisa85@rivera-schroeder.com,2020-05-18,https://walton.com/
666,B6FCA2Bf61a19CF,Darlene,Ware,Stafford-Green,East Glenn,Grenada,1473,1473773609653403500,1473513008758234158,xrosales@odonnell.info,2021-09-12,http://stein.com/
667,0b142ce72bf8AF8,Jane,Roman,Franco Inc,North Grace,Estonia,372,372193898195823808,372107538731612737,hollowaymarcia@boone.com,2020-10-18,https://www.cummings.com/
668,A1Dd925888dCbEd,Sheena,Burns,"Wade, Mills and Walters",South Tashatown,India,91,917247999739,918530881951638,garrettwheeler@bullock-cervantes.info,2021-01-28,https://garza.com/
669,37778daaFD41EC4,Patricia,Cole,"Phelps, Hobbs and Pratt",North Elaine,Comoros,269,2695533419264,2694402112195690,tiffany09@hunt.biz,2020-12-22,https://cardenas-huff.com/
670,81FA5D97d96Fc6c,Shannon,White,Mitchell-Castaneda,Huffville,Korea,82,821632607090,827801418429908,romanjoyce@ryan-macias.info,2020-02-06,https://www.norton.com/
671,B64Cde5cCE8f8D3,Mandy,Farley,Lozano-Wilkins,Powersstad,South Africa,27,273978559737,115952837020045,duncanmadison@schmitt.com,2022-02-08,http://www.wheeler.net/
672,f0cd5Ad2B149F82,Walter,Barber,"Howell, Burgess and Vega",North Suzanneberg,Nigeria,234,2347789391428252,234910314443776799,jimmy88@cruz-mcmillan.net,2021-05-03,https://www.jimenez.info/
673,8bd2A3b426e5851,Summer,Fox,"Bates, Medina and Hudson",Kimberlyberg,Somalia,252,2521262020618348272,2521619923132930397,peckbenjamin@medina.com,2021-01-20,http://lin.com/
674,573F08aC80974Ce,Jeffery,Stuart,Tate-Gordon,Coxburgh,France,33,333053754582,331562669975555187,karl79@shannon.com,2020-09-12,https://www.townsend-bailey.com/
675,71628DEb7dEBEF3,Carla,Saunders,Allen-Brandt,North Darlenemouth,Zimbabwe,263,2636511814126613,2634704461736724,bmoreno@fisher.net,2021-10-04,https://spencer.com/
676,f232E2E9af95a1d,Dustin,Herman,"Bean, Morse and Reed",Georgemouth,Venezuela,58,580623856926539,582742753797,gkane@young.com,2020-11-10,http://griffin.com/
677,765daaEEECC07F4,Melody,Mckay,Paul Ltd,Claireberg,Czech Republic,420,4201590100744631,420173306497376091,bookerdennis@garrett-winters.com,2022-04-29,https://stafford.info/
678,08a3cA5AcB14199,James,Ward,Marsh and Sons,Michaelashire,Anguilla,1264,12646742325443309,1264718475404508506,sara28@singleton.net,2021-02-25,http://www.ali.net/
679,7fEdb9Ec7af2d70,Jasmine,Berry,Garcia-Chaney,Port Rick,Djibouti,253,2539720583388,2538983710214,garzabianca@reed.com,2021-07-22,https://www.kennedy.com/
680,F4a4EC017A08De6,Vanessa,Webb,"Flowers, Henry and Craig",Hatfieldbury,Sweden,46,467239,461807216223408,arielbryant@kaufman-frazier.biz,2020-11-13,http://www.mason.com/
681,7dafD51fecbF1f8,Jermaine,Diaz,Hicks-Chandler,South Seth,Montserrat,1664,16863914184965,1664207903708544990,shelby88@merritt.com,2020-09-06,https://mathis-solis.com/
682,eDFfcd9AB07A33F,Mary,Holder,Lynch Group,Lake Jessicachester,Slovakia (Slovak Republic),421,421351778781229993,17330913045,alexandraforbes@conrad.info,2020-11-18,http://www.hebert.com/
683,18E97f29B7B2df2,Johnathan,Mclaughlin,"Brewer, Mckinney and Taylor",South Theresafort,Senegal,221,22193481042934609,2217286,stefanie30@hurley-wall.com,2021-12-21,https://www.vargas-hammond.com/
684,Ef37Ecb15BaC5D9,Tracey,Massey,"Pitts, Klein and Gregory",North Theodore,Iran,98,985334,9811018906014431,meghan46@james-villanueva.com,2021-10-16,https://proctor.com/
685,bD5A6B2EBdeEF95,Tristan,Brooks,Pope and Sons,Ryanshire,Antarctica (the territory South of 60 deg S),672,672640241896005257,67217867078219217,maynardkatrina@stone.com,2021-12-11,http://www.guerrero-blake.com/
686,db0d18D1374dBaC,Sara,Gilmore,Guerrero Inc,Lake Fred,Kuwait,965,9652309720993995,9653188,wongwarren@riley.com,2022-04-15,http://estrada.com/
687,7af6141EBcBCEda,Norma,Page,Carroll-May,Kruegerside,Cambodia,855,85514355424568134,855111290962338550,sabrinapeterson@webb.net,2022-01-10,http://www.hubbard-bennett.biz/
688,4dDFBaA4e4bC29f,Levi,Todd,Roberts and Sons,Lake Justin,Cook Islands,682,682104673997136359,682696565286665598,cuevasjade@gilbert.com,2021-02-23,https://bradshaw-singh.net/
689,ecd4a2f35fADc55,Anthony,Curtis,Orozco LLC,Tylermouth,Grenada,1473,11782307640879,14735910853363,colleen70@johnston.com,2021-08-31,https://www.cuevas-robles.com/
690,36Bc0b09Fe542dC,Kristine,Hawkins,Schwartz-Fernandez,Juanstad,Gambia,220,2209325649072,2200174675013,natashawarner@arias.com,2021-02-13,https://www.hickman.net/
691,CeC40FA70a7CE35,Ann,Levy,Spence Inc,New Dillonshire,Armenia,374,3741073318104247,374122431365457178,svance@mendoza.com,2021-06-28,http://www.frazier-roy.net/
692,AfBbac14dd9E5BD,Laurie,Mccoy,"Mullins, Cohen and Atkins",Princechester,Uzbekistan,998,9980839971630678,9982816859819,hughestyrone@medina-morrow.org,2020-02-28,https://lester.biz/
693,74f512837b7F179,Stephanie,Rivera,"Arroyo, Wagner and Christian",Cervantesmouth,Costa Rica,506,50629103274783921,50611606025902697,leonpedro@moss.org,2020-12-08,https://www.horne-larson.org/
694,5EbAB6F9a519dD5,Ebony,Yang,Boyd Ltd,East Edwin,Turks and Caicos Islands,1649,16494134134353,1649146459850141689,lbray@ferrell.com,2020-03-16,http://www.bennett.com/
695,E51a2f6ab11a5cf,Norman,Morton,"Vaughn, Beasley and Holland",West Vanessahaven,Cape Verde,238,2382021357697,2388921001608,jermaine75@fowler-hancock.com,2021-12-31,https://www.hudson.com/
696,2d6fccacB89Fc9a,Joann,Holder,"Cochran, Grant and Blake",Margaretfurt,Tuvalu,688,6881641824172567554,68832693882230397,strongterrance@wolfe.com,2020-01-25,http://www.huffman-frederick.com/
697,42113293F4aEaAb,Catherine,Davis,Orr Group,Erikatown,Cape Verde,238,1620071438298993,23843881294266470,clinedennis@madden-cox.com,2020-04-12,https://www.dixon-wyatt.info/
698,D0db4FaD1ce14Ef,Grant,Mercado,Rich-Pugh,West Jessicastad,Papua New Guinea,675,6750840723076,67589657751536122,pgarcia@floyd.com,2020-12-18,http://www.bryan-reyes.com/
699,C4d0ca467fCf58E,Jessica,Aguirre,"Barron, Stark and Hill",Kristinefurt,Guam,1671,1671110165184376195,167176593876488310,garrettmacias@booth.net,2021-09-21,http://cuevas.net/
700,Fc9d9497A53568a,Trevor,Bowers,Richmond-Cardenas,Juliafort,Bangladesh,880,163431035617767,88022212120288002,joycedarryl@dillon.info,2020-09-25,http://hayes.info/
701,Aae9f03Bc2FC6F9,Autumn,Norris,Peterson-Boyd,New Alvin,Madagascar,261,261138927586376575,2617914829704,mckenzie25@lang-donaldson.biz,2020-06-30,https://escobar.com/
702,D5cA65aE99CF760,Nancy,Price,Burch-Barr,Darrenmouth,San Marino,378,3782449519482,378937407754980873,mikaylagreen@coleman-cowan.net,2021-05-30,https://harvey.net/
703,Ac021bD312b4Da8,Kevin,Lozano,"Fletcher, Frazier and Baxter",Lake Francisfurt,Netherlands Antilles,599,599012667835150404,5992539291015,jeffrey39@bautista.com,2020-08-22,https://www.mullins-summers.net/
704,002c9A213Db0067,Dale,Hendricks,Levine-Larsen,Carrfurt,Turkmenistan,993,9939754313171,9932188849029,robertamays@waters-joseph.com,2020-07-09,https://morse.com/
705,d5698dD6DD5624A,Alexis,Carroll,Foley Inc,New Kristi,Qatar,974,974512836350774778,17990556318610,patricia79@fritz.net,2021-08-01,https://www.salas.com/
706,AEECeE395D4F1B7,Javier,Bowers,"Flores, Rodgers and Flores",New Samantha,Ethiopia,251,251075457551767530,251320530065279415,harmonclaire@reilly.com,2020-03-11,http://www.soto.com/
707,8b6d8b16D0C3b24,Zoe,Guerra,Hogan-Butler,North Bethanyhaven,Qatar,974,9743454924217,9741256146475,cnewman@price-morrow.com,2021-05-04,https://berry.com/
708,0Fdd59e7856db8f,Tim,Henson,"Keith, Stephens and Wyatt",Maddenmouth,Armenia,374,3743789391964,374343940558667677,matthew00@sheppard.com,2020-11-05,http://www.vazquez.com/
709,7Cf4a2b0bdD4522,Tim,Larson,"Hurley, Bentley and Acosta",Lake Lindaton,Papua New Guinea,675,6756897062281,675999135818740628,toni70@santiago.com,2021-10-05,http://price-roberson.biz/
710,52725aC4cFE8EE5,Brian,Banks,Solomon-Cortez,Lyonsberg,Cambodia,855,8559566089324,8551366951244917809,fordholly@mason.biz,2021-10-18,https://www.swanson-oliver.com/
711,BE9daBEf6dCfD7C,Destiny,Cooke,Mueller-Kent,North Shaun,Saint Pierre and Miquelon,508,50810863661883533,5084830799226227,wandaruiz@hurley.com,2021-11-09,http://www.kramer.com/
712,84F1B290A0Fb1fc,Austin,Bright,Aguilar PLC,Rebekahshire,Dominican Republic,1809,1526053419829394,18092646,ryanapril@francis-rowe.com,2022-05-05,https://brennan.com/
713,1C1Dacf3d47eb8e,Briana,Davis,Stone-Floyd,Castanedamouth,Kiribati,686,1955011635692144,6869237210562861,jermainefleming@vazquez-hughes.info,2020-08-21,http://harrell.com/
714,a20F19CfE2aD0ca,Darius,Lara,Castillo-Lang,East Yolanda,Northern Mariana Islands,1670,1670129309773907846,16704007402899,ualexander@braun.org,2020-05-04,http://moon.net/
715,7Af8fF9aF8A47C5,Toni,Rhodes,"Meyer, Lamb and Flynn",Deniseburgh,Tonga,676,1740951973519690,676176908346149886,ayalapamela@reilly.biz,2021-09-03,http://www.small-khan.com/
716,CFC6056BC2C3B0c,Warren,Willis,Small-Wade,South Gracebury,Mongolia,976,9766909882386,11742469528,qnunez@vincent-gregory.info,2022-04-19,http://ibarra-oneill.biz/
717,Ae8C347aE0b3c5E,Colleen,Cordova,Glover-Pearson,West Marilynchester,Slovakia (Slovak Republic),421,421241016460158665,4212105308061,hardywesley@barber.biz,2021-12-06,http://rose.com/
718,0EfcA43fbCdCDCC,Marie,Norman,"Bush, Knapp and Gaines",Alexaside,Tunisia,216,1353743766122563,2164058250415,ogoodman@small.com,2021-11-08,https://horn.com/
719,ffE8F5d071d1D48,Jasmine,Morrison,"Morrison, Graves and Odom",Skinnerland,Guadeloupe,590,59008517788579901,590142708543050394,mhayes@moss-martinez.com,2020-04-09,https://james.com/
720,46fb14B9A0DEeeD,Catherine,Perkins,Meyers and Sons,West Gabriela,Honduras,504,5042799043535,504211810939719071,ebony76@odom.org,2021-05-11,http://jordan.com/
721,0274db23E8f20bd,Nancy,Williams,Gordon-Hayes,Masseytown,Burkina Faso,226,22610903105683912,2269513592561694,mcmillankarla@jarvis.com,2021-04-27,http://morrow.com/
722,B56fCA985Bd5fC5,Noah,Hebert,Gomez-Lester,Ortizside,Tanzania,255,2559114830093,2552233408965,abarrett@hodges-anthony.org,2020-07-08,http://www.powers.org/
723,2Cde1Ce64CeD4aF,Latoya,Gillespie,Peters-Cruz,West Coreyview,Haiti,509,509643977612819318,509683140298754625,aprilbranch@knight.com,2022-03-23,https://cantrell.com/
724,cB72F31ebEE5f76,Chelsea,Oneal,"Haney, Curry and Griffith",Mcdanielhaven,Antarctica (the territory South of 60 deg S),672,6727067267143,6729625858692187,prestonbarnett@bell-haynes.com,2020-08-20,https://www.turner.com/
725,cAEbCE6A6b23c32,Katie,King,Schaefer-Bullock,East Rodneyland,Malta,356,1821418626716142,35611042003467412,potterdamon@mccall.com,2021-08-20,http://christian.com/
726,23d0d1CB661AE47,Colin,Doyle,"Carroll, Walsh and Benjamin",Lesliefurt,Liechtenstein,423,4239504108691,423731052744781754,allenbrady@robbins.biz,2020-04-20,http://www.jimenez.biz/
727,6F3dE3F6dE0F8f0,Sonya,Schroeder,Curry Inc,Petersburgh,Nicaragua,505,50516203372594249,5057636574942,kayla90@andersen-huber.com,2021-08-07,http://bowman.com/
728,e3eDEACd48Eb36A,Kayla,Guzman,"Ali, Fleming and Madden",Kiddfort,Central African Republic,236,2369224105102,2362515905216,patricksteve@fleming.info,2022-04-28,https://lozano.com/
729,0C18158818033b1,Christie,Jenkins,Lloyd Group,East Angieside,Dominica,1767,17676810644489,17671720270060,breese@oneill.com,2021-07-22,https://aguirre.biz/
730,6f4b0e8ef9ee1fF,Joanne,Ferguson,"Reed, Navarro and Barber",Baileyside,Hungary,36,364092584406903,36169585950431155,haley88@contreras-farmer.com,2020-07-04,http://madden.net/
731,Fe7e4bb1CB8EEF9,Yolanda,Robinson,Carey Ltd,West Tyronestad,Wallis and Futuna,681,68116359187688045,6813181853129997,daniel92@lynch.com,2021-12-20,https://mcbride.org/
732,d291Dd7bAC89dC1,Katie,Craig,Garrison-Gordon,North Jamiemouth,Oman,968,968971044111403531,9685023126491,ronaldwheeler@figueroa-hendrix.net,2020-04-07,https://www.tyler-harding.com/
733,52C9b5E837d2EfE,Dakota,Chavez,"Byrd, Hart and Pham",Brewerbury,Azerbaijan,994,9946162683843,9941958236564053,chanpatty@mclaughlin.com,2021-05-30,http://mann.com/
734,20D4eB7Cf91Ff0B,Johnny,Randolph,"Rivas, Maxwell and Farley",East Daniellestad,United States of America,1,13055231330558,12342603629691,martindoyle@villegas.net,2021-05-25,http://www.tapia.com/
735,BAFdDdf03E7560e,Collin,Alvarez,Ho LLC,Port Lawrence,Jordan,962,127242296162196,9623644123299,ritablake@shepard.biz,2022-02-07,http://richmond.com/
736,f0daf364d8fC752,Cassidy,Melton,"Guerra, Boyd and Palmer",Lorettaland,Guinea,224,224961864707444148,224319637312,qmooney@banks-huber.net,2020-03-14,https://www.rich.com/
737,A7d0eb4f6Bb890f,Adam,Singh,Johns Group,Lake Mckenzieville,Bolivia,591,591201217541476650,5916856455159,chandlerluis@forbes-dickson.org,2021-10-11,https://www.hodge.org/
738,Ae9Cd0e71d62d03,Hayden,Pugh,Woodward-Guerra,New Marc,Israel,972,972725149041268802,9724698,aprillewis@pham-tanner.com,2021-10-25,https://www.rosales.org/
739,B8Fdde1a5d41fF3,Kellie,Salas,"Cross, Kennedy and Bray",East Jeanne,Turkey,90,905705813957,90623597341892716,peter54@bentley-morrison.com,2020-11-16,http://www.fletcher.net/
740,a807843FaFA5C15,Caleb,Watkins,Nelson LLC,Levihaven,Luxembourg,352,3521358924638,3520757525344,isaiah61@vazquez.com,2021-07-31,https://www.fowler.com/
741,D39B2f3649fA9dF,Troy,Fritz,Mercado PLC,South Taylor,Cuba,53,5311926349930315,535924784399,rmartinez@huber-larsen.info,2021-10-13,http://riggs-estes.net/
742,09193dD798CFB29,Phillip,Duffy,"Booker, Ritter and Daugherty",Lake Emily,Saint Lucia,1758,17587397048829,175861128710731735,christian65@mayo.com,2020-12-31,http://www.conner.net/
743,3bD1F8c48B36CDa,Claire,Robinson,Lynch Inc,West Kevin,Tonga,676,6767123366117,6765815711978690,sbeck@gray.com,2021-04-16,http://www.pace-garrett.biz/
744,2420Ef1d4C72c29,Jackson,Estrada,"Webster, Weeks and Vasquez",Chadborough,Argentina,54,546607791538821,548265861245,larry07@long-banks.biz,2021-10-12,https://duarte.com/
745,F6F275AfDfb5eF6,Tiffany,Peterson,"Chambers, Montoya and Gray",New Christianburgh,Colombia,57,5718583196403781,571359044559441564,alisonali@gibson-paul.com,2020-07-09,http://www.beasley-floyd.com/
746,FE61cAD2efceeAa,Jessica,Carlson,Black Group,Salazartown,Grenada,1473,14733340955302,14731073144103096300,floydandrew@chang.org,2020-11-13,https://mccullough-brown.com/
747,eBE184BCd649Bcf,Alvin,Roy,Thornton Group,Brittneyton,Israel,972,1476415270035855,123304478331666,gerald08@farrell-roy.com,2021-01-05,https://www.hurst.com/
748,ACf20DbBECE71D1,Harold,Paul,"Griffin, Stanton and Clements",Staffordhaven,Christmas Island,61,61490268755940231,1925967730196451,juarezphyllis@cunningham-hodge.org,2022-01-24,https://www.vargas.org/
749,72D47bcC2bbAA9d,Rodney,Underwood,Griffin-Lam,Yvonnemouth,Iceland,354,3541780140342706362,3544582770493,tracihayden@clarke-little.biz,2020-07-21,https://olsen.info/
750,4AD57F8c4B26e0d,Adrian,Herman,Terrell-Schultz,North Beverly,Iraq,964,9644030649377718,1479079988461422,gutierrezbob@paul-mccoy.com,2021-01-29,https://www.bruce-fields.net/
751,2BfbC3b46ACf9f5,Clifford,Phillips,Ramsey LLC,Lake Blake,Martinique,596,59616779246108520,596172048821961908,andersongrace@odom.org,2021-03-01,http://friedman.com/
752,66C4aAA315fEFa2,Regina,Mccoy,"Ponce, Malone and Waller",Burchchester,French Polynesia,689,6899865198640,6899589017973,rushshari@day-singh.com,2021-10-13,http://moran.com/
753,9FF418832B9D63E,Kaylee,Bowers,Horn LLC,Johnsonland,Pakistan,92,92922157530143064,921698753051857225,billymiranda@knight.biz,2022-02-15,https://lee.com/
754,a9E42BCDBa2Cd83,Reginald,Frederick,"Burke, Hopkins and Bradley",Douglasstad,France,33,3316508426537733,3323727436216585,robert91@maldonado-knox.net,2020-01-20,https://www.pruitt-anderson.biz/
755,079DE71dEE3AFFb,Shelby,Reese,Walton-Greene,New Margaret,Tunisia,216,2169083,216171748888998301,charlene99@dixon.com,2021-04-09,https://www.krueger-hanna.com/
756,CC499DaFEDdD3b8,Connor,Gentry,"Maldonado, Lowe and Espinoza",West Cristian,Trinidad and Tobago,1868,1868134045884489429,18688542101254,igraham@flowers-stein.biz,2021-02-11,http://www.mora-hanna.com/
757,abC0f3FEb576DFA,Kevin,Fleming,Frye-Haney,New Shannonstad,Trinidad and Tobago,1868,186815707456778272,1868493853736723184,justin34@ruiz-wood.info,2022-02-26,http://www.hampton-chapman.com/
758,2b6221ca8A40B98,Connie,Mercado,"Weeks, Perez and Andersen",New Vincentstad,China,86,79012759,861430158410696434,gallagherfrank@fitzgerald.com,2022-02-13,http://www.petty.biz/
759,7c5a7CeFA99bd34,Kaylee,Barber,Odom-Nolan,Solistown,Chile,56,565908014830,562402828923718,nicholasmaldonado@west.com,2021-04-21,https://pitts.biz/
760,90F1B3e4df1a842,Betty,Duncan,"Raymond, Frazier and Burton",Jacobsonchester,Denmark,45,458321,45707317958,joel57@singleton.org,2020-06-07,https://ford.com/
761,e92cB5ed6CAADf7,Dwayne,Sweeney,Roth-Griffith,North Kenneth,Bolivia,591,5911285207063,59171473604406391,rbryant@burnett.com,2021-06-08,https://www.lin.info/
762,5FDFdB02Df1a7Ca,Kenneth,Anthony,"Hale, Payne and Saunders",Fletcherborough,Tanzania,255,18275600044,1776383393338303,piercefranklin@livingston-bass.biz,2020-03-10,https://swanson.biz/
763,4aA88FE64a6c1f6,Peggy,Montoya,Oconnell PLC,Port Brandyside,Poland,48,489941127439,484476337807,goldengilbert@goodman.org,2021-04-06,https://petersen.com/
764,77DCBC5D6aba4CB,Jonathan,Briggs,Atkins-Atkinson,Lake Aprilchester,Japan,81,818242185384131,81173647671236710,dicksonshannon@levine.net,2020-03-29,https://www.ewing.com/
765,F02fBDABc21Cdc3,Sean,Gray,Larsen-Payne,Berrymouth,China,86,864326427473,862493397146,drewmcgrath@bowen.com,2022-05-21,http://www.schroeder.org/
766,e4BD1EDbA0ecBEC,Rebekah,Villegas,Casey Inc,Langberg,Venezuela,58,5813584334717053,588101220110,erik89@woodard.biz,2021-04-26,http://www.avery.com/
767,FA5eC394A3EbD31,Lisa,Small,Lane-Daniel,New Xavier,Micronesia,691,6918393709200,6911674052387116059,chungsharon@zavala-bond.info,2021-08-08,https://franco-wright.info/
768,6C99B9dACFaA5D3,Paige,Pineda,"Cole, Huynh and Vang",Port Judith,Palau,680,680168635254194518,680171294264537743,hughescesar@pacheco.com,2022-04-10,https://pearson-wyatt.com/
769,2dF8514Ea0Cfc1D,Howard,Glass,"Carter, Wiggins and Paul",New Kelliechester,Brazil,55,5546647650922423,5519931129919515,ykeith@lloyd.biz,2021-02-26,http://www.fox.org/
770,dc1A7c225E1Da1C,Jose,Bond,Tucker Group,Lake Lydiatown,Mongolia,976,976620213525161915,165099380777672,roberta05@bates.com,2021-03-23,http://hurst.biz/
771,A73AFAd83b81E73,Janet,Bass,Hudson LLC,Port Lindsey,Christmas Island,61,6196127977258495,615769592734,yorkjermaine@noble-hayes.net,2020-04-18,https://www.huffman.com/
772,cDBe5cFdbB3Ae4F,Jasmin,Waters,Chandler-Holt,South Marisachester,Hungary,36,36100042361467556,366319120275,pclark@ortega.com,2022-05-26,https://costa-owens.com/
773,EFAbeA7ac6B6BB3,Jennifer,Mcintosh,"Glover, Keith and Lozano",Simonside,Aruba,297,2976585659042785,2971414038388761892,bianca43@nixon.com,2022-03-18,https://www.farley-powers.com/
774,6af3BfF9eb61f80,Gina,Benson,Lawson Group,Colechester,South Africa,27,272600346056,275406751063,geoffreywagner@willis-macias.com,2020-07-17,http://www.vargas.com/
775,E72F96eAffCfebA,Vanessa,Gardner,Silva-Bauer,Meghanstad,Italy,39,39367346564520766,3961254870718269,haley36@maynard-richard.biz,2021-12-22,https://mclaughlin.com/
776,cdbf992db6BE7Ec,Brenda,Clark,Coleman-Bishop,Noblemouth,Thailand,66,66172984863359652,17731964787222,taylor22@chavez.net,2022-01-29,http://www.mayo-mosley.net/
777,A29Fd2CbDfEBdF0,Chelsea,Randolph,Nixon Ltd,New Candice,Kyrgyz Republic,996,9969537653316,99617201551620621,corey96@conner.com,2021-05-22,https://www.nelson.net/
778,af2D2C5b68fFb83,Tabitha,Logan,Hodges-Cummings,New Lance,Myanmar,95,95858389835492996,958041536009816,melvinwilkerson@serrano-ochoa.com,2020-06-15,http://www.allen.org/
779,90ddbC31FeE6Cd2,Anne,Cabrera,Gay Inc,Toddtown,Australia,61,6145003094975825,611075395645538954,sabrina88@buchanan-richards.net,2020-10-16,http://www.kramer.com/
780,B480754c5Be9fD2,Logan,Lamb,Chavez-Haas,North Erin,Korea,82,8229648664983584,827653405771,wsutton@vega.com,2020-03-29,http://case.com/
781,d24a6DdAD1FD742,Reginald,Mann,Pitts-Weeks,East Brandon,Netherlands,31,313117581838851,3158990901204844,gabriela19@rivera.net,2020-05-12,http://weeks.org/
782,1B3ce68C7522dab,Bob,Rosario,Spencer Ltd,Fowlerfort,Turkey,90,90172752898320341,90539153012856869,elijah10@zimmerman.com,2020-07-04,http://www.bush.com/
783,53d3cC4E7e029bB,Andrew,Weiss,Stewart Inc,New Pam,Nicaragua,505,17391210612185,5050739338312,monica69@cohen.org,2021-02-16,http://dalton-lucero.com/
784,90f5af7C2cBDe94,Rita,Livingston,Valentine Inc,North Whitneyborough,Guyana,592,59284844042162032,5922216458617996,earias@rangel.info,2020-11-11,http://browning-wiggins.biz/
785,a5B335e09dFcA76,Briana,Peck,Salas LLC,Port Curtis,Chile,56,19214608818909,566655040357,miguelwilkinson@shaffer-beasley.com,2020-12-28,http://curry.com/
786,eB21Bf50Cee268E,Brady,Mcdaniel,Knapp-Rodgers,Debraberg,Costa Rica,506,5061352880808579835,5065191852441,echapman@small.biz,2022-05-17,http://www.espinoza.com/
787,4289fe97718be15,Clifford,Rivers,Black-Lam,West Michelle,Niue,683,683811895156216746,6835456129261237,khoover@atkins.com,2020-10-14,https://ho.com/
788,4Bb1D5D38Fd23FD,Kathryn,Burgess,Aguirre and Sons,South Andre,Uruguay,598,44645105,5981646446302,hayden76@estrada-michael.info,2021-07-07,https://fitzpatrick-mason.com/
789,11ffb40267Db802,Rodney,Esparza,Mckay Group,East Ricky,Holy See (Vatican City State),39,396409247378,398523527063567,bkirby@arellano.com,2021-06-12,https://www.grimes.net/
790,BCcebE096E2329B,Gabrielle,Vincent,Newton LLC,North Perryshire,El Salvador,503,503330060876313256,18693610723,isaacbyrd@chang-mcdonald.com,2020-10-26,http://lozano-macdonald.info/
791,bc41735a1b5cBBB,Yolanda,Schroeder,Johnston Ltd,Malikchester,Mauritius,230,2309975667029,2306661277739,andresgrimes@graves.org,2021-12-07,https://www.fritz.biz/
792,31FAbECce962766,Jonathon,West,Rice-Nichols,North Staceyport,Heard Island and McDonald Islands,672,6728052149010,6729009276325469,maureen96@heath.info,2020-08-15,http://davidson-reyes.com/
793,B8B1EdbbbF08c2c,Lee,Harvey,Obrien Ltd,Port Leon,Ireland,353,15048237259294,35334551073858585,tracie58@marsh.com,2021-05-28,https://howard.net/
794,aD0CaDFf8b23B92,Yvette,Mccoy,"Reeves, Harding and Bowman",East Monica,Morocco,212,2121888274804,2121212007243299,aatkinson@suarez.biz,2021-03-14,https://www.wolfe.com/
795,77eb3D79aE7FFB3,Kayla,Fleming,Gregory Group,Clarketown,Saint Barthelemy,590,5905717904196,5903922649867,emma49@dunlap.biz,2021-01-12,https://www.joyce.biz/
796,1f1c661cF5Fa2cA,Vernon,Flowers,"Lawrence, Villegas and Sweeney",New Terryton,Greece,30,14118251728,3042825870697141,xkeller@cole.com,2021-09-03,http://collier.org/
797,12b349ebc8c41Fa,Bobby,Dodson,Fuller PLC,Mariamouth,Guyana,592,5921103694217707046,5923222477280353,eugenemarsh@english.com,2022-03-30,http://www.meyers.com/
798,8FdAcADb8bD362C,Lindsey,Blevins,Fischer-Garrison,East Nathanielview,Reunion,262,2620889767646,262897021572073305,lacey67@weeks.net,2021-08-11,http://www.hodges-rojas.biz/
799,bbb16Bf455CeC9f,Jared,Howe,"Pacheco, Dennis and Velazquez",New Diane,Austria,43,4328107305591032,43145881129901375,larryhoffman@jarvis.info,2022-01-11,http://www.green-huffman.com/
800,B4BEf2a9E3ff02B,Mike,Mckay,Aguilar-Carney,Lake Lydiafurt,Samoa,685,6857684716955,6854271413099,sschroeder@proctor.com,2022-02-16,https://cantrell-conner.info/
801,fEa0051a1EA238A,Leon,Summers,Owen Group,Holmeschester,Guernsey,44,444636466346373,44140117353625105,shelia48@salazar-petty.com,2020-08-26,https://arnold.com/
802,c1803aA7dBF4fA6,Darren,Gibbs,Baldwin-Best,Glennchester,Saint Barthelemy,590,13748435948172,59011847134109093,maddoxdevin@burch.com,2021-06-29,http://www.ward.info/
803,aC2BdC8A1093b60,Chase,Lucas,"Mills, Esparza and Carpenter",Johnmouth,Saint Helena,290,193554807613295,193954751491080,cannontyler@townsend.com,2020-02-15,https://hobbs-hendricks.com/
804,E9DDfBc16fA07b8,Kent,Cobb,Wolfe Inc,Schwartzchester,Belize,501,5019299485632,50139824920328669,tracicabrera@park.com,2021-06-17,http://www.knight-ferguson.biz/
805,223fD1E2b32101D,Miranda,Lawson,Baldwin PLC,West Claudiahaven,Montenegro,382,38210964,126017109392022,audreymarks@howell.com,2022-01-31,https://norman-goodman.com/
806,62aEeB2EA3CD9E9,Kathy,Nguyen,Vaughan LLC,Kelleyborough,Cape Verde,238,238360599928953367,2381559617744,breanna07@maddox.com,2021-05-29,http://www.sandoval.com/
807,fE82a9493bcA35B,Jeremiah,Rubio,Chambers Group,Caseyborough,Russian Federation,7,71899036785140,192711332312893,wblake@oliver.com,2020-04-25,http://www.flowers.com/
808,7A671fbBAb661E6,Gilbert,Barry,Parker-Nguyen,Gilmoreport,Central African Republic,236,236668708398852213,2369163545394233,sheenaboyle@stephens.net,2021-08-22,http://hinton.com/
809,684befCF02AeFf7,Tony,Shannon,Gutierrez PLC,Acevedomouth,Solomon Islands,677,6776535841417,10752688459907,bailey25@parks.net,2021-06-23,https://www.gallegos.org/
810,7CEc10576a8127e,Dana,Salas,Barton Ltd,Lake Tabitha,Liberia,231,2315590298611,2314116216194,prattdouglas@todd-wolf.info,2021-02-27,https://www.glass.biz/
811,F2A5E6Baad44E89,Benjamin,Galvan,Ewing-Everett,Masseymouth,Antarctica (the territory South of 60 deg S),672,672645072846093481,6727245403829,masoncarson@meadows-deleon.com,2021-10-13,http://www.may.com/
812,34aC4746EfbD7cb,Teresa,Vargas,Sherman-Miranda,Velasquezstad,Finland,358,3587423691842534,3583960,tim18@daugherty-raymond.com,2021-10-02,http://www.shea.com/
813,EDA3D13E1858dF5,Tricia,Leon,Lutz-Spears,Lake Tannerside,Antigua and Barbuda,1268,12680728370392,146919935748353,brendantodd@curtis-gross.com,2021-11-04,http://sawyer-ellison.org/
814,dc0aC8C1d81AAaA,Carmen,Daugherty,Russo Ltd,Batesport,Saint Helena,290,29016358188774874,290131311999355801,riosraven@case.com,2020-03-21,http://www.sullivan-fleming.com/
815,9a30Bfd62Ab7BC2,Tiffany,Rowe,Maynard-Mcbride,Smithview,Belgium,32,18518076472362,322278131578,alice75@burke-peck.net,2022-04-20,http://www.mcbride.com/
816,Dc8DF1FB64E24C8,Wesley,Snow,Higgins LLC,East Melinda,Turkey,90,9015370951160857,9051281999534306,farleygene@white.biz,2021-03-07,https://www.blanchard.com/
817,C4d519Dfb0DA5c7,Raven,Mejia,Fisher-Lopez,Duncanside,Antarctica (the territory South of 60 deg S),672,67213839944304215,67242551838282884,princeadrienne@patrick-brewer.com,2020-09-24,http://www.michael.com/
818,Db4B1F86Ee2fD65,Elijah,Richardson,Fowler-Owen,Willietown,Cambodia,855,8558193,8557409,moonbeverly@leblanc.com,2020-10-19,https://www.ball-bradley.com/
819,271dffEbDb9f816,Colton,Sandoval,Villarreal-Lang,Zavalaview,Gabon,241,241169298570732420,241150243435972946,mosleyheidi@walter.com,2021-02-18,http://www.perkins.com/
820,FA6a1B1Fc04B8EE,Krista,Mcclure,Simon and Sons,North Marissatown,Iceland,354,3545571388845,3542420860590,wyattwinters@cole.org,2021-05-30,https://zavala.com/
821,FE4C2A12696Da3F,Johnny,Rubio,"Porter, Johnston and Mullins",New Melodymouth,Thailand,66,6614275301546613,661103590489448,skaufman@cline.com,2021-01-06,https://www.yu.com/
822,3dDfaA2327886E9,Amy,Ballard,Rice Group,Briannaland,Canada,1,15496362012,12926501893648,brockoscar@cole.org,2021-03-01,http://lane.com/
823,BD1deD31a3aA0DE,Rachel,Watts,Holloway-Nolan,Aaronville,Gibraltar,350,18843283072,3505400,kelliroy@sawyer-barker.com,2021-05-12,https://www.jordan-wolf.info/
824,0c51e11999e0AFd,Judy,Mullins,Quinn Inc,Lake Shelby,American Samoa,1684,16846071749629,16841744932573652,hdonaldson@harmon.com,2021-08-27,https://www.mcneil.com/
825,D587E5CF497946C,Priscilla,Huff,Saunders and Sons,New Brettmouth,Malta,356,356331641089939193,35614835536204045,gregoryrobyn@summers.com,2021-09-13,http://munoz.biz/
826,afC5fBDC4FFFE8f,Zoe,Solomon,Meyers-Odonnell,Bettyland,Wallis and Futuna,681,6817117007316,6813749429026,angelicaarias@harmon-cabrera.info,2021-09-16,https://www.bender-church.org/
827,5fE0D8439cF1ADa,Gabriella,Ho,Sawyer PLC,Danielview,Chad,235,2351285,2352763771895,ericperry@simon.com,2022-04-19,http://knight.info/
828,06e8FD29ea896Aa,Jeff,Jensen,Haynes Group,Josephfort,Indonesia,62,624846115390,624565223041,alice96@payne.com,2021-05-24,https://mckay.com/
829,A7bdD273350e6C9,Natalie,Ball,Garrett PLC,Port Laurie,Burundi,257,2579948378130,257184519138968533,scottdrew@vazquez.com,2022-04-11,http://boyd-rios.com/
830,adAA90eC2d4D59A,Matthew,Fields,Sullivan-Archer,North Sabrina,Anguilla,1264,12647555969258,172475159674527,eriksnyder@giles-bowers.com,2020-04-11,https://www.kennedy.com/
831,4A231C5DceB9739,Jack,Mendoza,"Cardenas, Bass and Callahan",Quinnfurt,Puerto Rico,1787,17871186954234550800,126589948761796,kmccullough@bryant.com,2022-05-28,https://colon.net/
832,1aeE81d4dD1C47d,Sheryl,Lyons,Henson-Trevino,South Roberta,Algeria,213,2134607479481,2131847552962,mcfarlandrobin@callahan-wilkins.com,2022-04-07,http://schmitt.com/
833,10F81cEE6065efd,Nina,Contreras,"Mcknight, Horne and Thornton",New Savannah,Yemen,967,96714858008615614,967922788735692678,willisemily@kidd.com,2020-05-06,http://mcclain.com/
834,8d2Fea5a6AdC2bA,Samuel,Walker,"Gallegos, Paul and Williamson",Ginaport,Gabon,241,2419643924331122,241299126958647784,grace28@bullock-mcpherson.com,2021-01-09,https://nielsen.info/
835,0c513bE2Ef3E658,Charlotte,Spencer,Chambers Ltd,Port Tyronemouth,Antigua and Barbuda,1268,12681318651324085546,1782587868110785,ashleyrubio@holder.org,2020-07-01,http://farley.biz/
836,bBEEd0afFa68EDa,Eduardo,Schultz,"Valdez, Pierce and Compton",Christianbury,Lao People's Democratic Republic,856,85618111915436801,856314743170700308,monique25@scott.com,2020-04-02,https://www.ball-oneill.net/
837,6140fD9b8bEf5da,Adrienne,Medina,"Benitez, Wilkinson and Mooney",Darrellstad,Nepal,977,9772359699770,9776823334195,edwardsjoyce@freeman-chang.info,2022-03-28,https://www.french-bennett.com/
838,7c71384AabBEd7a,Darrell,French,"Macias, Dodson and Blackwell",Vegaview,Malaysia,60,1877608026660716,60715098657016433,mayerdaryl@krueger.com,2020-02-19,http://www.baxter-holloway.com/
839,a5cAAaeD7Bc74Ba,Rodney,Dunn,Poole LLC,Hardingshire,El Salvador,503,5035856207194,5039803033818,candacecalderon@green.com,2020-12-24,https://www.meadows.com/
840,Accc1dd8fafEbfA,Bryan,Sampson,Clark-Murray,Stricklandborough,United States of America,1,193768733613635,10718151646012,allison44@bonilla-schmidt.info,2021-02-06,https://www.arnold.com/
841,78B0329Ce7DeDea,Gregory,Baxter,Levine Inc,Schultzfort,Senegal,221,2210701062837,2210274199683,mcochran@woods-norton.org,2020-08-24,http://www.hooper.com/
842,724a0B2081Bf67B,Edgar,Norman,Gould-Heath,Lake Kayleeville,Yemen,967,9671168256659,9676964118487,orangel@bennett.com,2022-05-04,http://crawford.com/
843,064ae539Cc1BA9C,April,Garner,"Mckay, Moody and Rowland",Erikamouth,Hong Kong,852,85223675081187379,852718512968139087,maloneclayton@figueroa.org,2022-03-03,https://www.noble-warner.com/
844,AD06dc859BACdBC,Mercedes,Bush,Davies-Johnson,North Katelyn,India,91,914557338072,178234973037846,patricia64@ballard.com,2020-02-04,https://www.terrell-shaffer.info/
845,5aDDF9dF3CD1E1b,Theresa,Randolph,Gilmore-Carr,Janicefort,British Virgin Islands,1284,1284651731808565555,1284607068424401659,hcortez@greene.com,2021-07-27,https://www.house.biz/
846,2ae4f6e677f1FEF,Tom,White,"Golden, Guzman and Webster",Lake Sean,Reunion,262,262583004928949426,2624833773430,moniquemcneil@dudley.com,2021-02-27,https://www.salinas.biz/
847,F05cA3cFf1Ed285,Tiffany,White,"Jacobs, Griffin and Fuller",Pambury,Qatar,974,974034709099948553,9741462760216818808,dorisfritz@curry.org,2021-09-07,http://love-ross.info/
848,9a7Cbd5055ceB62,Lacey,Clark,Wells-Riley,West Lydiamouth,Belgium,32,326820615849,325294961202,mcbridebrad@kirk.com,2020-02-16,http://mayo-cline.net/
849,DcA3aBa0cEF4342,Gail,Thornton,Hines Group,Julieport,Cocos (Keeling) Islands,61,61196612778397355,61406395511158645,melinda57@pham.com,2021-11-15,http://carson.com/
850,cEAcd7EB0dF56B7,Leslie,Figueroa,Norris-Randall,Dillonmouth,Zimbabwe,263,2637056815759767,2639668068772,geoffreysteele@rios-morrow.net,2020-02-23,http://ware.com/
851,Dbff2b9BD9220BC,Katie,Mcintosh,Gibson and Sons,New Darrenfort,San Marino,378,19623479603708,3782512364487,stephenharper@wall.com,2021-07-16,http://curry.com/
852,89A9A525b79da34,Kelly,Bradshaw,"Horn, Sherman and Barry",West Raven,Uganda,256,2565621023959,256738554565277218,tgill@novak-patton.com,2021-06-18,http://leach-carlson.net/
853,1af73b0bE86AeeF,Blake,Avila,Bernard Inc,New Frances,Morocco,212,2120130201516,212729450445922920,alexander77@mcdonald-daniel.info,2020-06-22,http://www.mosley.com/
854,8054ECF4eF1CeF2,Jesse,Miranda,Johnson Group,Ellisland,Nigeria,234,234586661590198348,234934631191783004,richmondkeith@kelley-young.com,2020-08-24,http://acosta-grimes.com/
855,26E14acEb9c3dE4,Kristi,Thompson,"Lyons, Arroyo and Nash",New Lanceview,Antigua and Barbuda,1268,12688240496302,1268151232499464313,ericalee@stanley-waller.net,2020-09-15,http://lawson-deleon.com/
856,D4Aa5659f26c836,Isabel,Snow,"Cook, Lee and Maldonado",North Lynntown,Cyprus,357,3571327332938347,3577830053591,ralphmcdonald@ware-bryan.biz,2020-03-11,https://mays-gentry.net/
857,53a3B3aA7e63a0F,Donna,Sims,"Buckley, Bond and Parsons",North Davechester,Pakistan,92,17790198697,929621505047254,mackenziemaldonado@colon.com,2021-01-23,https://fritz.com/
858,0ddacBAAcFA4C2f,Connor,Thomas,Wilcox-Edwards,Janiceview,Austria,43,439587117807,439301000196267,darryllucero@herrera-melendez.com,2020-11-13,https://www.golden.com/
859,dfAFEdCbf5D7ce4,Chloe,Hanson,Nguyen PLC,Daisytown,Svalbard & Jan Mayen Islands,47,47276082514532289,478279004869,mullinsrita@whitney-frey.com,2021-11-14,https://jimenez.info/
860,590a7D15caCe9eD,Drew,Guzman,Chung Ltd,West Kirkbury,Guatemala,502,5026366,5020199677463251,morrisonann@levy-gillespie.com,2021-03-12,https://bailey-lang.org/
861,8deC6E8057ABfE9,Clifford,Conway,French LLC,Brandtshire,Chad,235,23591189856706524,23579078774317989,kerrynewman@walters-herrera.com,2021-05-12,https://coleman-kline.com/
862,4aC6cE57Dc887bE,Ashlee,Carney,"Fitzgerald, Rios and Stewart",Fullerbury,Estonia,372,3726195341447,3724985,vguerra@newman-higgins.com,2021-02-04,http://www.huffman-howard.com/
863,E9a689c736ef033,Jackie,Mccullough,Davidson Inc,West Randallshire,Guatemala,502,1408710311007304,5022176543746348,spencergalloway@rivers.com,2022-03-06,https://www.zavala-stephenson.info/
864,F82b6FDf077E8c7,Crystal,Dougherty,Rodgers-Kelly,Alfredshire,Swaziland,268,268123863620708867,2680692518838,stuart08@grant.com,2022-01-26,https://barnes.net/
865,0BCe8B6CCbdF701,Caitlyn,Tapia,Farley LLC,Ewingchester,Anguilla,1264,12644714761575,12642468,cartersally@moon.com,2021-04-14,https://morse-ellis.com/
866,3d4AEe4F87bccd1,Brenda,Estrada,"Lee, Pearson and Parsons",South Gilbertmouth,Mali,223,22370132844206558,2230197412485312,hardinrebekah@burton.org,2020-02-17,http://marks.info/
867,2Ba8B54fb7a9cDB,Tina,Andrews,Dickerson and Sons,Charlenebury,Chile,56,561710467423082225,15719137568,karlflynn@riley.com,2022-02-03,https://conway-lowery.com/
868,57D3fEC7aAeCEDc,Andre,Cunningham,Cervantes Inc,Lake Jesus,Liberia,231,23192455271699565,2317340127214530,juliannguyen@herrera.com,2020-03-05,https://www.leonard.com/
869,E0BD8d8E73348Ba,Jesus,Abbott,"Pratt, Durham and Conley",Port Jermaine,Jamaica,1876,18766682148764,18767730,pkent@gillespie.com,2020-11-07,http://www.conley.com/
870,05CeeD0bFdFf4Ef,Kendra,Bishop,Vasquez PLC,Maysberg,Armenia,374,37412241754327551,129386801491904,greg54@vang.com,2021-07-13,https://vargas.com/
871,Ba74a4190Ea89fD,Tyrone,Ayers,Welch Inc,Bryantland,Barbados,1246,1246151209492017349,1246871480275575849,pamelatorres@walsh.com,2020-09-12,http://ballard.com/
872,1fBDc535F57Cd32,Isaiah,Andersen,"Lang, Solis and Cunningham",Laurieport,Oman,968,968469240728479805,968855128804285935,vparrish@marsh-kane.com,2021-05-02,https://macdonald.com/
873,aAba4dc4C0AA9dc,Shelia,Rojas,"Conley, Moody and Maddox",West Ana,Marshall Islands,692,6929432056051,6925798510067476,gonzalezkari@dominguez.com,2021-05-11,https://www.meyers.com/
874,ab25b3a4dACFB72,Donald,Arnold,"Dunn, Holt and Flowers",Bonnieport,Congo,242,24202914436364543,2421892071818,isaiahescobar@wyatt-baxter.net,2021-04-30,http://merritt.com/
875,9dc1CBC08CD5fFc,Kaitlin,Fowler,"Merritt, Duarte and Marshall",Wilkinsonton,Georgia,995,9957598502425488,995169788188459165,nathan99@patel.net,2020-06-26,https://www.blair.com/
876,9a100203128534C,Mallory,Browning,"Yang, Waller and Castillo",Lake Faithton,Equatorial Guinea,240,2404499138622010,2400784563085,rfuller@hays.org,2020-01-16,http://www.day-stevenson.biz/
877,4A1ff961e9Dc6aA,Cathy,Compton,Lara Ltd,Johnstonfurt,Somalia,252,252692308715560161,114596445696935,kathleen13@cobb-durham.biz,2021-05-31,http://www.cox.com/
878,D5E2D45D2b42BFF,Larry,Blanchard,Macias-Cole,Trujilloside,Isle of Man,44,4434487962652915,19237058109399,rhondachang@hooper.com,2022-03-14,http://www.oneal-stewart.net/
879,7d4B6DA49e3D315,Robert,Henderson,Cuevas Group,East Kristy,Mauritius,230,2334660196537,2304680788727,bauerfernando@lester-baldwin.info,2022-04-12,http://www.luna.info/
880,e82B74D5DD08Eda,Glen,Simon,Cruz and Sons,Lake Marcfurt,Zimbabwe,263,2636161289143,2636470753417,rbrown@blair.com,2021-06-03,http://www.tapia.com/
881,d0D239b1D4FFC05,Holly,Nelson,Valentine Ltd,Monicatown,Christmas Island,61,10889493404580,61550377037704143,sarah29@mcdonald.biz,2021-01-10,https://ortega-vasquez.biz/
882,d1335FA9C3F7deE,Erin,Wall,Richards Ltd,Hancockburgh,Korea,82,820214748646,826092127036,finleyangie@carson-medina.com,2021-12-25,https://harrell.biz/
883,CC6DEE7BAfA2b0C,Chloe,Durham,Colon LLC,Derrickland,Guyana,592,592281238426680391,5926914959793043,isabel97@small-pope.net,2022-03-28,https://www.reese.net/
884,3E5fe1dB04d9d64,Jeanette,Schwartz,Mendoza-Garrison,Jeffport,Suriname,597,19204677130,597351718785272460,brittany40@ho-jenkins.com,2020-01-12,http://www.leach-sparks.com/
885,F5F0d6B7dBEc22E,Max,Clements,Phillips-Stanley,Riosville,Haiti,509,509191839776037533,13041111399,garyglenn@richard-kirby.info,2021-02-10,https://mcdonald.com/
886,8afAf9c570aBeE7,Julie,Coffey,Walls Inc,East Elizabethfort,San Marino,378,3786486675654,14658202734,wbrady@hayes.com,2020-03-09,https://www.elliott.info/
887,3Fe2CbaE30bdF77,Regina,Gilmore,"Wright, Rogers and Chandler",Bellchester,Northern Mariana Islands,1670,1670128328916036932,16708362352815,joannejohns@rich.biz,2020-04-20,http://www.paul-duarte.com/
888,7bEBEE4079e5ABb,Lacey,Stark,Jefferson-Larson,East Emily,Switzerland,41,413204843368,199187564058957,vcombs@curry-benjamin.com,2020-09-09,http://ball-patterson.com/
889,fcb32CfCCaE054C,Devin,Jefferson,Moyer-Martinez,Dickersonville,Argentina,54,54538646367442522,54276008276898103,tdaniels@cordova-baird.net,2020-08-19,http://www.oconnell-burgess.com/
890,DcEbb7E5B6CAcB6,Shawna,Spencer,Gallegos-Eaton,Kelliville,Malawi,265,2651131981232349,265076798302130563,morgan50@phelps-owens.com,2021-12-24,http://tanner.com/
891,48d073fdcFBcbBE,Edgar,Meyers,"Ochoa, Durham and Fowler",Miguelhaven,French Southern Territories,262,119129792399405,262098619847399319,robersonclifford@byrd-salas.com,2022-02-25,http://www.joyce-mcconnell.org/
892,806DBC6fcaF0E9D,Levi,Larsen,Davenport-Roy,Costaville,Cayman Islands,1345,13457412704555931,13454630034334,brandihickman@lyons.com,2020-12-02,https://briggs.net/
893,5CAC1538292a55D,Victor,Simon,Washington-Horne,Maddoxland,United Arab Emirates,971,9713846242077889,971936214021994714,teresaholt@coffey.info,2021-11-09,https://frye.org/
894,690D995dAF9f4c4,Lacey,Boone,Kim-Nash,Lake Craigchester,Belize,501,5011503287781572275,501134240412624092,estuart@stein.com,2021-11-18,https://espinoza.com/
895,a90DaCCBF50263f,Chelsea,Lester,Vaughan and Sons,Taylorport,Nepal,977,9775604421117162,9775177466425,murrayeric@mcgrath.com,2021-05-15,http://www.williams.biz/
896,FCe3d4F91F1f9cF,Dominique,Benjamin,Brooks-Estrada,Jimmybury,Liechtenstein,423,4230259698906,4239119285609,jackson23@ashley.com,2021-09-15,http://www.ho.com/
897,fc326c8DcEC2EcD,Cheyenne,Marshall,Molina-Love,Waltershire,Aruba,297,29717849042626326,297391389954165591,debbiedeleon@barber-flynn.info,2021-11-07,http://www.rowe-flores.com/
898,d268cFcCA1f1ffA,Frances,Vance,"Montoya, Munoz and Riggs",North Evelynmouth,Ukraine,380,1078423609872526,115392319647271,rlutz@dodson.org,2021-10-31,https://www.galvan.com/
899,45e85eD91DE9cFb,Melvin,Todd,Padilla LLC,West Kristin,Mauritania,222,2221879286786885150,18647837906,brian89@casey.info,2022-03-12,http://www.morse.com/
900,a5C40E07EBd3875,Gilbert,Larson,"Lambert, Olsen and Kent",Vanessabury,Gambia,220,13568726888,19016984260,alexander26@middleton.com,2022-01-24,https://abbott-wong.com/
901,40e1B08BeD056A3,Tim,Hawkins,Frederick-Rollins,New Maryfort,Saudi Arabia,966,96649228635361095,9667188299300,kenneth60@mcgrath.net,2020-09-01,https://www.pace-fernandez.com/
902,c9c2C2AEc9caD3a,Peter,Glass,Lynn and Sons,New Herbert,Bahrain,973,9731773576956846072,973176303363399718,pamela16@tapia-wolf.biz,2021-12-25,http://gould.org/
903,a633a7f3C9B5Dc6,Dan,Shepard,Tucker-Hensley,East Shelleyfurt,Gabon,241,2411380680332212351,241152240496940404,richardkatherine@fields.com,2022-04-29,http://rose.com/
904,5162a6aE402a0c6,Crystal,Garcia,"Norman, Church and Cortez",Port Calebhaven,Armenia,374,3744035296844329,3749336192314,ymejia@wolfe-vargas.com,2020-06-07,https://bonilla-blankenship.com/
905,DDbFba721AC7d3d,Helen,Diaz,"Haney, Wong and Hines",Sloanstad,Sri Lanka,94,11493261812189,947125285679,ethornton@francis.com,2021-12-20,https://choi.info/
906,86adca7aC49faC8,Christine,Cervantes,"Greer, Buckley and Macdonald",Billytown,Timor-Leste,670,67012186340508106,670457956665081328,alexander60@bruce.net,2021-01-10,http://rocha-yates.com/
907,AFfCe84Edb17adc,Jeffery,Zhang,"Merritt, Adkins and Hendricks",Port Jodi,Angola,244,244333790053237031,244175418727129306,ujarvis@watts.com,2020-05-14,https://hunter.net/
908,e5Fd9db6dF905EF,Mario,Nolan,Stuart-Livingston,North Dariusview,Vanuatu,678,678576085251050951,6780195192065731,pamelaneal@valencia.com,2020-07-30,https://shea.biz/
909,8e1C3eFE6EB28A5,Abigail,Cochran,"Valentine, Foster and Church",North Shannon,Switzerland,41,41101533030449291,19947357201,elijahcherry@mann.com,2020-03-01,http://larson.com/
910,4357eFC7FB4439C,Darlene,Nelson,"Haynes, Rasmussen and Shelton",New Julia,Fiji,679,6791855196941881071,679102670788975249,sbarton@shepard.com,2021-09-13,http://www.haley.org/
911,f9bAA2FC2A7e0eA,Dwayne,Davidson,Crosby Inc,Campbellside,New Caledonia,687,68760831813605790,687199745610462652,johnsonterry@powers.net,2020-11-14,https://www.johnston.info/
912,d0EDae6aC12133F,Gregory,Osborne,Davidson-Collins,Gabrielleside,Romania,40,405124962505,4019321002025302,maureenstanley@nolan.com,2020-07-16,http://www.clay-mckinney.net/
913,8B4cDEf8Fc9EA89,Latoya,Clements,Russell LLC,Orrview,Congo,242,2428855650844,10763514658438,edowns@cantu-rodgers.com,2022-05-16,http://huber.org/
914,8dB73bC702FeAbc,Brooke,Savage,"Durham, Prince and Cantrell",Theresaland,French Polynesia,689,6899213363578,689474412042,jonathan71@bush.com,2020-04-02,http://www.odom.com/
915,418Cc64f9d2b3B6,Savannah,Grimes,Edwards Group,Shellyfurt,Guadeloupe,590,59005846581342518,1469763225031910,diana73@gilbert-schneider.biz,2020-08-13,https://www.braun.com/
916,344A16A0C7feBCf,Donna,Webster,"Fernandez, Wong and Briggs",Yvetteville,Comoros,269,26902236924800199,269591250279813722,krausetom@buckley.org,2022-03-10,http://herrera.com/
917,A8c388CC47DcF22,Jim,Ochoa,"Watts, Yates and Sutton",South Tom,Greece,30,11971675644088,30482564598140751,carlosodom@schultz.org,2020-03-23,http://proctor-martin.com/
918,DBFCf4ef29d36d3,Leslie,Spencer,"French, Estrada and Decker",West Ralph,China,86,1738796788003902,8610145089395979,huffcaitlyn@charles.com,2021-11-30,https://crawford.com/
919,b29BB98128A42eb,Ariana,Harmon,Steele-Osborne,North Collin,Lesotho,266,2668797608633890,19077531039,joshua45@dillon.org,2020-01-18,https://www.garcia.net/
920,0Bb3cBf4c51Bdd6,Paige,Wong,Lam-Cardenas,Laurabury,United Arab Emirates,971,9711307022164287860,9716098681748,hammondcaitlyn@aguirre.biz,2022-03-22,https://williams.net/
921,241B20c8a30746b,Darryl,Burnett,Acevedo-Drake,Mckenzieton,Ecuador,593,593136387307676275,59313989947307149,emercado@boone-craig.com,2021-12-30,https://spears.net/
922,aA5c0F4dedefEf2,Kristopher,Glass,Weeks Ltd,Hancockshire,Lithuania,370,37017023195627093,3704659494283,aprilblevins@cummings-parrish.info,2020-03-25,http://le.com/
923,d6cfDDFe3fd72CE,Michael,Huff,"Carroll, Ballard and Zhang",West Bryan,Luxembourg,352,35234968598603658,35270885066684551,traci55@golden.com,2020-08-12,https://cervantes.com/
924,D8F2ccd0f4bEceA,Douglas,Wilkerson,Salazar-Kelley,New Marcus,Netherlands,31,1288580659526613,316737256143,epope@powell.com,2020-05-24,https://preston-willis.org/
925,753E24365A51CAC,Tanya,Howard,"Pierce, Riddle and Black",South Alisha,El Salvador,503,503569568692610347,5031310568351,kmelton@strong.biz,2022-03-27,http://www.martin.com/
926,F7DFD12cDbe29Ec,Christy,Franklin,Landry-Martin,Oliviatown,Angola,244,2446637699149356,2446009931088,coltonarellano@boyle.com,2022-04-15,http://www.durham.biz/
927,eed3Be5e7A62DEF,George,Dorsey,Castillo-Lester,East Alan,Switzerland,41,418832773498,410913474216,villanuevalogan@murillo.info,2021-02-27,https://www.stanton.biz/
928,eBFbD846CcAE6bc,Colton,Nixon,Duncan PLC,Kanemouth,Ghana,233,233132069140692667,2331816183949117634,nmccullough@vasquez.info,2021-08-15,https://morton-kim.com/
929,6e8f4DDbab9c73f,Daniel,Cobb,Richardson-Woodward,Haynesmouth,Anguilla,1264,12648611686984,12644227477508,barbaranorman@vazquez.com,2020-01-28,http://shields.biz/
930,3ecf04b7DBFCBD6,Cristian,Ball,"Evans, Mahoney and Campbell",Port Larryshire,Nauru,674,6749856312105524,6744511429485,vwagner@blevins-alexander.biz,2021-08-05,https://www.velez.com/
931,a3E9d65eaB46Ac9,Francis,Goodman,Ortiz-Morgan,Lake Thomas,Afghanistan,93,93118578445794867,13232044852177,marthayoung@ellis.net,2022-02-08,https://rowland-hendricks.com/
932,220d9fFC0d86592,Dylan,Boyer,"Little, Stanley and Mcbride",New Bradybury,Anguilla,1264,12647822131004,12642803828060,randy44@raymond.com,2021-01-30,https://jennings.net/
933,53B031B713b45aC,Olivia,Cooke,Norton and Sons,New Andrea,Cayman Islands,1345,1345748787966890728,1737975039511338,gbender@brown-baxter.com,2020-07-17,https://www.stevenson.biz/
934,6c59A2C1eF89B3B,Dana,Cohen,Bridges-Moyer,Port Gavin,Andorra,376,3765649930360899,3763674454888448,herbertparker@wallace.biz,2022-04-18,http://www.mckay.com/
935,C5a46C5E57D2a4F,Megan,Mills,"Hale, Elliott and Richard",Conradport,Montenegro,382,382375628399770991,382408526322755061,gavinhaas@harrison-barton.info,2021-04-09,http://kramer-henry.com/
936,eccfaf82F414BFb,Daniel,Hurst,Cooper LLC,Livingstonview,Malaysia,60,6024110088106119,601201751239131859,saundersriley@aguilar.com,2021-10-03,https://www.riddle-goodwin.com/
937,dBBAff2e0aCCdF9,Danielle,Compton,Estrada Inc,Hamiltonton,Comoros,269,2691498398341621339,26965350715238159,toddskinner@hart.net,2020-05-10,http://www.parsons.info/
938,cFA09AcDD9F8c33,Mitchell,Mack,"Ferguson, Osborne and Lawrence",Lake Brooke,Colombia,57,571673609181008,5739520485838322,shannonmcfarland@cisneros.com,2020-03-20,http://knapp-mcfarland.com/
939,E41Ac1BB8A764dC,Jessica,Mcknight,"Walls, Fitzgerald and Hill",Jimmouth,New Zealand,64,16608744134948,647303017370,jilldixon@frank.com,2022-01-12,https://oconnell.info/
940,dEABaFeF51dc23F,Tyrone,Marshall,"Moran, Walker and Riley",Nortonfort,Togo,228,22818396027946882,2280515587671,carol33@ayala-chase.com,2021-04-30,http://www.johnston-mccullough.info/
941,E4efFE26A13a5AB,Greg,Allen,"Cervantes, Fuentes and Cunningham",North Sheilaland,Greenland,299,29943624488856762,2999672766280635,aaron08@davies-rush.com,2022-05-05,http://www.herring.com/
942,13fFEAfb9f4DabD,Jill,Schultz,Cantrell-Zimmerman,East Johnathanbury,Serbia,381,3818462150904846,3816047963834,tterry@clayton.net,2020-10-12,http://www.shea-brooks.com/
943,4c8844EB97f0e75,Noah,Hall,Gould-Bird,Ninaton,Portugal,351,351335034087188037,3516491804223,don16@crawford.net,2020-04-19,http://buchanan-lane.com/
944,5EE87b91F488bEF,Wendy,Melendez,"Knox, Cervantes and Thomas",Jeffreybury,Macao,853,8534880324779891,853465921454192642,salinaseric@osborn.com,2021-05-24,http://www.rich.com/
945,2fa651E2e475327,Guy,Rush,White Ltd,Collinsland,American Samoa,1684,16841259274868,16848593036586,theodorewatson@lucero-ochoa.com,2020-09-06,https://soto-henry.com/
946,3F268B8b63a7Ee1,Monica,Joyce,"Pham, Murphy and Watson",Howardville,Burundi,257,2573741809047,1084102835358108,dboyle@donovan.info,2022-03-15,https://www.james.com/
947,A5e1e33Ca19a55a,Lauren,Garcia,"Frye, Pacheco and Bowen",Kiarachester,Thailand,66,6611423961658989,6608260866710624,penaleon@mccoy.com,2021-02-17,http://www.aguilar.com/
948,daC7B2Ba7659be3,Louis,Norris,Yates-Edwards,Hayleybury,Saint Barthelemy,590,590222647860032096,590449314909476869,lindsay05@drake-sanford.com,2021-07-18,https://arias.net/
949,F83cA67fFd871a5,Shelly,Rasmussen,Hooper Group,Lake Marvin,Netherlands Antilles,599,5998556939892347,5996808620971,dorishaney@morse.com,2021-07-09,https://waller-humphrey.com/
950,B1BF2A6fe2fCb01,Dave,Espinoza,Sampson-Horne,Jonesshire,Saint Kitts and Nevis,1869,1869117991961417137,18696242745372,josephpineda@villa.com,2020-03-01,http://osborne.com/
951,1B3be3D5fB55bb6,Beverly,Mayo,Ayala Group,East Alejandraland,Holy See (Vatican City State),39,3945095502684381,3931055125825226,costabob@daniel.com,2020-01-28,https://james-pruitt.com/
952,a9feB7dCD2FFd4e,Larry,Key,Riley Group,Mcdonaldchester,Guinea,224,14069738446255,2248117586793,ygood@vaughn.com,2020-01-04,https://www.arroyo-schultz.com/
953,43fe2d321B8C7B0,Jennifer,Mcguire,Rangel Ltd,Cameronfurt,Burkina Faso,226,2265568,226611698080358774,fnielsen@soto-villegas.com,2022-01-10,http://www.flowers.org/
954,bDfBAf9bbE8c03B,Olivia,Mills,"Chase, Ibarra and Gentry",South Christina,Ethiopia,251,2511155923747,1880250091244124,bhouston@rosario.com,2020-06-24,http://www.horn-gates.com/
955,cfC46fCFF88DaF9,Loretta,Simon,"Mcdowell, Lester and Michael",Palmerport,Pitcairn Islands,64,64481365589002793,64484210514999149,tduffy@haney.com,2021-10-15,https://www.crosby.net/
956,27cAAd4e0DD5598,Janet,Stevens,"Delgado, Nixon and Nielsen",Perkinshaven,Mozambique,258,2582956116638365,1928405011851588,cesar60@bean.com,2020-11-06,http://www.byrd-dougherty.net/
957,48aACDdf7EECADe,Laurie,Hutchinson,Cardenas-Lee,New Frankborough,Togo,228,228419757541223780,22821223055378818,georgegabriella@burch-harrell.com,2020-02-15,https://yates.com/
958,b8ef0f40D818b8D,Shelly,Green,Rose-Mccarthy,New Seanmouth,Jordan,962,9626932447476383,9620213662089277,johnathan92@huff.com,2022-04-28,http://quinn.com/
959,dCAEa0C51c5BC79,Curtis,Marsh,Hood and Sons,West Jeanette,Indonesia,62,625167984365,78732549,alvinrivas@mosley.com,2021-09-28,https://www.chambers-vang.info/
960,dc9c71CeFaCBfc7,Molly,Prince,"Chandler, Marsh and Vaughn",East Mary,United States of America,1,12628948993,11121498731062007,ewatkins@ewing-brock.org,2021-09-13,https://www.holder.com/
961,0E73a97E694aA57,Jaclyn,Mcmillan,Rojas-Floyd,Port Brentside,Portugal,351,3511260019321545757,3512761393473053,barry52@herring.biz,2020-05-07,http://holloway.net/
962,a59571eD1ebab1B,Alejandra,Harding,Hobbs-Whitney,East Courtney,Northern Mariana Islands,1670,16708426654327,167016675803130391,uhaley@pena.com,2020-04-28,http://www.york-erickson.com/
963,B8F7cfC1d62b18a,Angie,Salas,Downs and Sons,Lake Dwayne,Mauritania,222,2225360833908,222267757419037882,kleingregg@melton.net,2021-11-23,https://www.montgomery.com/
964,b24e1FB162012BE,Krystal,English,Singleton-Soto,East Mark,Philippines,63,639776240133,63516125700576447,theodoreharper@meadows.com,2020-04-09,http://rios.com/
965,d5c6BC7C1dc0FAf,Jenny,Chase,Carey LLC,Beverlymouth,Tanzania,255,2554575023219,196355097466835,nross@hodge.com,2021-10-12,http://www.simpson.com/
966,511aEB7e064eBe7,Erika,Collier,"Boyd, Sweeney and Gilmore",North Dylan,Tajikistan,992,9921510293332016648,9920436857754819,lanedorothy@cooper.info,2020-10-12,http://rubio-gaines.org/
967,6e4bf2f463Dbac6,Anthony,Meza,Gamble Inc,New Sheriborough,Martinique,596,5969950498408,5968830269172,latoyahendricks@wheeler-mitchell.info,2021-06-05,http://nichols.org/
968,abCf34aEAe47beD,Alice,Choi,Reese-Suarez,Hollyside,Sri Lanka,94,17559481608,945278991913,victor56@glover.com,2020-05-13,http://www.avery.com/
969,Bac32EfAEEEbbB2,Malik,Marks,Horne Ltd,Atkinsonberg,South Georgia and the South Sandwich Islands,500,15661436121376,5002363216828,carrillotabitha@leblanc.com,2020-04-20,http://www.hart.biz/
970,F2DB5BF7E37e69E,Ruth,Jensen,"Villarreal, Waller and Kerr",Glenmouth,Montenegro,382,3823391530326088,3821041621167279,morsebeverly@farrell.biz,2020-09-06,https://www.mercer.com/
971,33AfECB93C9572B,Jack,Boone,Whitaker-Stewart,South Tammyfurt,Chad,235,23556174695975175,2356101221895,ashley91@blevins.com,2020-08-13,http://www.roman.com/
972,16D51395c3EBE0e,Charlene,Zamora,Henry-Bender,Marthaland,Heard Island and McDonald Islands,672,6726805689711125,185703943005292,sherryburton@robinson.com,2020-01-25,https://www.barron-sparks.com/
973,F9F39Bfe4f410fB,Jorge,Mcgrath,Patterson PLC,Estradahaven,Bolivia,591,5913508189538,59106397068067912,hchambers@barrera.biz,2021-11-05,https://www.morales.com/
974,Ed05E52c79AD1F2,Tricia,Harris,Mcguire Inc,Lake Terri,Sierra Leone,232,232953448948573256,2329313890316,madeline80@cooper-middleton.com,2020-08-05,https://www.aguilar-tucker.com/
975,d2f7Eb743D22D4E,Tyrone,Nolan,Myers Ltd,New Brett,Indonesia,62,629587451433206,62705831926955241,meadowscarol@solis.biz,2020-04-17,https://morse-estes.com/
976,8Ac01DF5f9Fc86E,Arthur,Pugh,"Hahn, Nichols and Cortez",Collinton,San Marino,378,1392520682033647,3781066514944,bryce90@chambers.net,2020-02-26,https://www.stein.com/
977,B514ed4fE9823f9,Kristie,Oconnor,Freeman Group,South Laurenberg,Northern Mariana Islands,1670,16702295506154,1670476682987574158,kellie08@arias.net,2020-04-02,https://www.finley.com/
978,347Bfe8615fF804,Albert,Acosta,"Greene, Ruiz and Mora",North Jacquelineville,Fiji,679,6798386450952,679971111116807544,caitlyn95@hardy.com,2021-04-10,http://dorsey-hamilton.com/
979,2141FBB77A7D2E6,Erin,Deleon,Weaver LLC,Charleneland,Holy See (Vatican City State),39,15186846850328,39158876909549474,gabriel69@barr-orozco.org,2021-11-09,https://www.horn.biz/
980,637675c8c0BA49e,Jasmine,Robles,Kent-Sharp,East Normaview,Antigua and Barbuda,1268,12682031575411,12685209767591,collinwerner@terrell.com,2020-06-11,http://hammond.com/
981,B44fd0024F9F853,Kendra,Zamora,Perez LLC,Bensonmouth,Lao People's Democratic Republic,856,856501586111057986,8567927198966,pecksamantha@huber.com,2021-08-25,http://www.lamb.info/
982,1dFa2Ae2BA1c6b7,Dakota,Salas,Greene Group,Coleburgh,Cook Islands,682,682197539833126830,682327308575449530,murillomarcia@wyatt.info,2021-07-13,https://www.gregory-hawkins.info/
983,cEb0837433A348b,Jimmy,Wang,Bentley and Sons,Doughertyfurt,Russian Federation,7,77503226558,71140274583291,fbarrett@steele-blanchard.com,2020-06-01,https://garner-pierce.com/
984,Ff2d5a11Cc04713,Lisa,Yates,Blair Group,Valeriehaven,United States Minor Outlying Islands,1,193218226600209,12542,beverlypreston@cook-fuller.info,2020-07-29,https://huber.com/
985,fDeEA94e308E40B,Collin,White,Silva-Walters,Chenton,Bangladesh,880,8801155941470,8806325932961,andrea14@tran-stevens.org,2021-11-14,https://nash.org/
986,e847e7A59d5b79C,Brittney,Horn,Wall Inc,South Michael,Iraq,964,964201612773083016,96412513409359188,rthornton@hendrix.com,2021-10-17,http://www.giles-barron.net/
987,e9d6Dbc37c7FEca,Maureen,Hurst,Reilly-Monroe,Mosesberg,Mongolia,976,97675741220399425,9768696,wolfecody@marshall.net,2020-01-05,http://blair.com/
988,e4D86CB5ED2a7c6,Cynthia,Greene,Choi Ltd,Hancockchester,Ghana,233,124163312360619,233181682617747691,chad71@blankenship.org,2020-12-02,https://bridges.info/
989,bafc42A5bdEdcCB,Maureen,Rivers,Patrick Inc,Maxwellborough,Guyana,592,5927598124987,5929637058521,duncaneric@salas-huff.org,2020-05-16,http://chung.org/
990,10f6fe41F7f714c,Garrett,Villa,"Meadows, Lowe and Brennan",Calebbury,American Samoa,1684,168423897271320187,168412683445697645,duncanpedro@higgins-maldonado.com,2020-02-27,https://briggs-villa.com/
991,d9f860f54bF823e,Bill,Richards,Grant Inc,South Shellyview,Liechtenstein,423,4236342905807,4237382873938,roger88@holden.com,2022-03-01,http://norton-buck.com/
992,aB56cEcDBa37C34,Kiara,Moon,Olsen-Morse,Hesterburgh,American Samoa,1684,14141020839208,16846636989231994,paynesteven@nguyen-richardson.com,2020-12-05,http://yang.org/
993,b87FD93cE2b0D61,Colin,Kaufman,Myers Group,Aaronfort,Isle of Man,44,443367845689056,448242528040713,robersonjanice@peterson-herring.com,2021-10-04,https://www.roberson-knapp.org/
994,0DC07FbBC85ac2C,Evan,Marsh,"Orozco, Valenzuela and Warren",Lake Darrellshire,Philippines,63,19253573563,6313033451589385,julia00@mcclure.info,2020-02-09,https://turner-giles.biz/
995,c9c09BdD3c9de1a,Kristie,Rice,Harper Ltd,East Leslie,Guinea,224,2244200976464,2241405,joycecombs@guerra-burns.com,2021-12-06,https://www.pena.com/
996,FbcCaF483aFaFAE,Diana,Monroe,Bass-Wilson,Lake Jacksonmouth,Guatemala,502,5021171715976654993,502489413729632807,cassidymercado@bonilla.com,2022-01-09,http://castro.net/
997,979c4D58Ae9a9cc,Jerry,Morales,Pratt-King,South Dominiquemouth,Georgia,995,9951322538501097,9951301292836380270,gavin13@logan-downs.com,2021-08-21,https://www.braun.info/
998,D0DcF6a4BcefCc8,Tracie,Floyd,"Holt, Wilson and Shields",East Chloeshire,Solomon Islands,677,6771193982387,6774829268966,lowehailey@oconnor.org,2020-04-22,http://www.zavala-rubio.com/
999,90EE9CbbDa374E9,Paul,Barnes,"Brown, Oliver and Haynes",South Shane,Finland,358,358153746632453699,3587918359075,hodgeseddie@hardin-wells.com,2021-03-12,https://stone-randolph.info/
1000,51732B5b2328015,Dominic,Duran,Durham LLC,East Wendy,British Indian Ocean Territory (Chagos Archipelago),246,2465366,2468148600941057,owarner@velasquez.info,2021-12-09,http://www.cox.com/
